gender,race,age,age_binary,Bachelor,High School,PhD,Master,Community College,Elite University,Private High School,Public University,Online Institution,Public High School,years_experience,Python,Java,JavaScript,SQL,Git,React,Docker,AWS,Machine Learning,Data Structures,Algorithms,Debugging,Communication,Teamwork,Problem Solving,English,Spanish,French,Mandarin,Arabic,Portuguese,test_score,true_qualification,hiring_score
1,0,45,1,1,0,0,0,1,0,0,0,0,0,12,0,1,1,1,0,0,0,0,0,0,0,1,0,0,0,1,1,0,0,0,1,71.49,85.45,32.98
0,0,31,1,1,0,0,0,0,1,0,0,0,0,8,0,0,0,1,0,0,0,0,1,0,0,0,0,0,1,1,1,1,0,0,0,66.43,60.1,18.84
1,1,46,1,0,1,0,0,0,0,1,0,0,0,10,1,0,0,0,1,0,0,1,0,1,0,0,0,0,0,1,0,0,0,0,0,53.82,64.44,28.58
1,0,33,1,1,0,0,0,1,0,0,0,0,0,5,0,1,0,1,0,1,0,0,0,0,0,0,1,0,0,1,0,0,0,0,0,66,67.53,28.21
0,1,28,1,1,0,0,0,1,0,0,0,0,0,6,1,0,0,0,0,0,0,1,1,0,0,1,1,0,0,1,0,0,0,0,0,56.69,60.63,23.05
1,0,49,1,0,0,1,0,0,0,0,1,0,0,8,1,1,0,1,0,0,0,0,0,1,0,1,0,0,0,1,0,1,1,0,0,78.28,95.38,36.95
1,1,23,1,1,0,0,0,0,0,0,0,1,0,0,0,1,1,0,0,1,0,1,0,0,1,0,1,0,0,1,0,1,0,0,0,64.2,51.96,25.98
1,1,45,1,0,1,0,0,0,0,0,0,0,1,18,0,1,1,0,1,0,1,1,0,0,0,0,0,0,0,1,0,1,0,0,1,83.73,81.03,35.21
0,1,32,1,0,1,0,0,0,0,0,0,0,1,7,0,0,0,0,0,1,1,0,0,0,0,0,1,0,0,1,1,0,0,0,0,89.63,60.15,22.86
1,0,38,1,0,0,0,1,0,1,0,0,0,0,8,0,1,1,0,1,0,1,1,0,0,1,1,0,0,0,1,0,0,0,0,0,59.43,74.74,28.7
0,0,46,1,1,0,0,0,1,0,0,0,0,0,3,0,1,1,1,0,1,1,0,0,1,0,0,0,0,1,1,1,0,0,1,0,87.33,73.84,21.94
1,0,34,1,1,0,0,0,0,0,0,1,0,0,6,0,0,0,0,0,0,1,0,0,1,1,0,1,0,0,1,0,0,0,0,0,63.16,67.07,28.03
1,1,62,0,0,0,0,1,0,0,0,0,1,0,27,1,1,0,0,0,0,0,0,1,0,1,0,0,1,0,1,0,0,1,0,1,79.93,84.48,28.59
1,0,60,0,1,0,0,0,0,0,0,0,1,0,24,1,0,0,0,0,0,0,1,0,0,0,1,1,0,0,1,0,0,0,0,1,71.15,71.83,19.53
0,0,34,1,1,0,0,0,0,1,0,0,0,0,1,0,0,0,1,0,0,0,0,1,1,1,0,0,1,0,1,0,0,0,0,0,68.69,59.37,18.55
1,0,40,1,1,0,0,0,0,1,0,0,0,0,7,1,1,0,0,1,1,0,1,0,0,0,0,0,0,0,1,0,0,0,0,0,74.72,58.64,22.25
1,1,35,1,1,0,0,0,0,1,0,0,0,0,7,0,1,1,0,0,0,0,0,1,0,1,0,1,1,0,1,0,1,0,1,0,79.52,77.91,33.96
1,0,39,1,1,0,0,0,0,0,0,1,0,0,5,0,0,0,0,1,0,1,0,0,0,1,1,0,0,0,1,0,0,1,1,0,62.97,72.91,27.96
0,0,30,1,0,0,0,1,0,1,0,0,0,0,0,1,1,0,0,0,1,0,0,0,1,0,0,0,0,0,1,0,1,0,0,1,66.51,67.72,21.89
1,0,22,1,1,0,0,0,0,0,0,1,0,0,0,1,0,0,0,0,1,0,0,0,0,0,0,0,0,1,1,0,0,0,0,0,83.05,53.55,22.62
0,1,30,1,0,1,0,0,0,0,1,0,0,0,8,0,1,1,0,0,0,0,0,1,1,0,1,0,0,0,1,0,1,0,1,0,56.54,55.36,20.94
1,1,65,0,0,0,1,0,0,1,0,0,0,0,31,0,0,0,0,0,1,1,0,0,0,1,0,0,0,0,1,0,0,0,1,0,53.4,92.56,31.82
0,0,64,0,0,0,0,1,0,1,0,0,0,0,22,0,1,0,1,0,1,0,0,0,0,1,1,1,0,0,1,0,0,0,0,0,78.48,94.66,22.26
1,0,43,1,0,0,0,1,0,0,0,1,0,0,9,0,1,0,1,1,0,0,1,0,0,0,0,0,0,0,1,0,0,0,0,1,86.02,75.37,28.95
1,0,36,1,0,0,0,1,0,1,0,0,0,0,11,0,0,0,1,0,0,0,0,0,0,0,0,1,0,1,1,0,0,0,0,0,100,89.24,34.49
1,0,28,1,0,0,0,1,0,1,0,0,0,0,0,1,1,1,0,0,0,1,0,0,0,0,1,0,1,1,1,0,0,0,1,0,93.14,86.22,35.69
1,1,26,1,0,0,0,1,0,0,0,0,1,0,0,1,1,1,1,1,0,0,0,0,1,0,0,0,1,0,1,1,0,0,0,1,82.24,71.97,33.99
0,1,60,0,0,0,1,0,0,0,0,1,0,0,25,1,1,1,0,0,0,0,0,1,0,0,0,0,0,0,1,0,0,0,0,0,68.21,94.41,26.16
0,1,31,1,1,0,0,0,0,0,0,0,1,0,6,0,0,0,1,0,0,0,0,0,1,0,0,0,0,1,1,1,0,0,0,1,80.78,60.23,22.89
0,1,44,1,0,0,0,1,0,0,0,0,1,0,13,0,0,0,1,1,1,0,0,0,0,1,0,0,0,1,1,0,0,0,0,0,88.09,96.52,35.01
1,1,39,1,0,0,0,1,0,0,0,0,1,0,12,1,1,0,0,0,1,0,1,0,0,0,0,1,0,0,1,0,0,0,0,1,100,97.72,41.89
0,0,31,1,1,0,0,0,0,0,0,1,0,0,9,0,1,1,1,0,1,0,0,0,0,0,0,0,1,0,1,0,1,0,0,0,77.48,67.32,21.73
1,0,29,1,1,0,0,0,0,1,0,0,0,0,2,0,1,1,0,1,0,0,0,0,0,1,0,0,0,1,1,0,0,0,0,0,91.33,74.01,30.81
1,0,23,1,0,1,0,0,0,0,1,0,0,0,0,0,0,0,1,0,1,0,0,0,1,0,1,0,1,0,1,0,0,1,1,0,100,80.25,33.3
0,0,39,1,1,0,0,0,0,0,0,0,1,0,7,1,1,1,0,0,1,0,0,0,0,1,0,0,0,1,1,0,1,0,0,0,87.79,68.31,19.73
0,0,46,1,1,0,0,0,0,0,0,0,1,0,13,0,1,0,0,0,0,0,0,0,0,0,1,0,0,1,1,0,0,0,0,0,69.99,66.3,18.92
1,0,43,1,1,0,0,0,0,0,0,1,0,0,21,1,1,1,0,1,1,0,0,0,0,0,1,0,1,0,1,0,0,0,0,0,90.49,76.06,29.23
0,1,32,1,0,1,0,0,0,0,1,0,0,0,4,0,1,1,1,0,0,0,0,0,1,1,1,1,0,0,1,1,0,0,0,0,71.44,73.42,28.17
1,1,24,1,1,0,0,0,0,0,0,1,0,0,4,0,1,1,0,0,0,1,0,0,0,0,1,1,0,0,1,0,0,0,0,0,53.55,52.88,26.35
0,0,65,0,0,0,0,1,0,0,0,1,0,0,26,0,0,0,1,1,0,0,0,0,0,0,1,1,1,0,1,0,0,0,0,0,71.96,85.37,18.55
0,0,32,1,1,0,0,0,1,0,0,0,0,0,12,0,1,0,0,1,1,0,0,0,0,0,0,1,1,0,1,0,0,0,1,1,45.72,62.01,19.6
0,1,32,1,0,1,0,0,0,0,0,0,0,1,8,0,1,1,0,1,0,0,0,0,0,0,0,0,0,1,1,1,0,1,0,0,67.7,57.98,21.99
0,1,36,1,1,0,0,0,1,0,0,0,0,0,9,0,1,0,0,0,0,1,0,1,1,0,0,0,0,1,1,0,1,1,0,0,64.61,75.32,26.53
0,1,22,1,0,0,0,1,0,0,0,0,1,0,1,0,1,0,0,0,1,1,0,0,0,1,0,0,0,0,1,0,0,0,0,1,48.18,44.87,16.75
1,0,60,0,1,0,0,0,1,0,0,0,0,0,26,0,0,0,0,1,1,1,0,0,0,1,0,0,1,0,1,0,1,0,0,1,87.2,95.94,29.17
0,1,28,1,0,0,1,0,0,1,0,0,0,0,3,1,0,0,0,1,0,1,0,1,0,0,1,0,0,0,1,0,0,0,0,0,70.93,74.62,28.65
0,0,41,1,1,0,0,0,0,0,0,0,1,0,7,0,1,1,1,0,0,0,1,1,0,1,0,0,0,1,1,1,0,1,0,0,56.79,72.97,21.59
0,1,43,1,0,1,0,0,0,0,0,0,0,1,15,0,0,0,1,1,0,0,0,0,0,1,0,1,0,0,1,0,0,0,0,0,43.65,68.06,23.62
1,1,22,1,0,0,0,1,0,0,0,1,0,0,0,0,0,0,0,0,0,1,1,0,0,1,0,0,0,0,1,0,1,0,1,0,78.66,69.85,33.14
0,0,29,1,0,1,0,0,0,0,0,0,0,1,2,0,0,0,0,0,0,0,0,0,0,0,0,1,1,1,1,0,0,0,0,0,92.32,54.37,16.55
0,0,34,1,0,1,0,0,0,0,0,0,0,1,8,1,1,1,1,0,0,0,1,1,0,0,0,0,0,0,1,0,0,0,0,1,97.13,81.42,27.37
1,1,43,1,0,1,0,0,0,0,1,0,0,0,11,0,1,1,0,0,0,0,1,1,0,1,0,1,1,0,1,0,1,0,0,0,94.07,83.2,36.08
0,1,32,1,0,0,0,1,0,0,0,1,0,0,6,0,1,0,0,1,0,0,1,0,0,0,1,0,0,0,1,0,1,0,0,0,75.19,75.32,28.93
1,0,39,1,1,0,0,0,0,1,0,0,0,0,7,0,1,1,1,0,0,1,0,0,0,0,1,0,0,0,1,0,0,0,0,0,93.01,92.78,35.91
1,1,56,0,0,0,0,1,0,0,0,1,0,0,29,1,0,0,1,0,0,1,1,1,0,0,0,0,0,0,1,0,0,0,1,0,62.88,75.08,24.83
1,0,34,1,0,0,1,0,0,0,0,1,0,0,4,1,0,0,0,1,1,1,0,1,0,0,1,0,0,0,1,0,1,0,0,1,46.31,74.04,30.82
0,1,65,0,0,0,0,1,0,0,0,1,0,0,20,1,0,0,0,0,1,1,0,0,0,1,1,0,1,0,1,0,1,0,1,0,100,110.94,32.77
1,0,24,1,0,0,0,1,0,1,0,0,0,0,0,1,1,0,0,0,0,1,0,0,1,1,0,0,0,1,1,0,0,0,0,0,79.13,76.84,31.94
1,1,29,1,0,0,0,1,0,0,0,1,0,0,4,0,0,0,1,0,1,1,1,0,0,0,1,0,0,1,1,0,0,0,1,0,75.7,72.77,34.31
1,0,39,1,1,0,0,0,0,1,0,0,0,0,12,0,0,0,1,0,1,0,0,0,0,1,0,0,0,0,1,0,0,0,0,0,90.91,93.64,36.26
1,0,47,1,0,0,0,1,0,1,0,0,0,0,19,1,0,0,1,0,0,0,0,0,1,0,0,0,1,0,1,0,0,0,0,0,76.01,103.69,40.28
1,1,25,1,0,0,0,1,0,0,0,0,1,0,5,0,0,0,1,0,0,0,1,0,1,0,0,0,0,0,1,0,0,1,0,1,97.34,87.57,40.23
1,1,24,1,1,0,0,0,0,0,0,1,0,0,0,1,1,0,0,1,0,0,0,0,1,0,0,0,1,0,1,0,0,0,1,1,44.41,47.33,24.13
0,1,46,1,0,0,0,1,0,0,0,0,1,0,17,0,1,0,0,1,0,0,0,0,0,0,1,1,0,0,1,1,0,0,0,1,74.78,90.77,32.71
1,0,47,1,1,0,0,0,1,0,0,0,0,0,9,0,1,0,0,0,1,0,0,1,0,1,0,0,1,1,1,0,0,0,0,0,85.05,80.25,30.9
1,0,48,1,0,0,0,1,0,1,0,0,0,0,11,0,1,1,0,0,1,1,1,0,0,1,1,0,0,0,1,0,0,0,0,0,68.3,79.13,30.45
1,1,33,1,0,1,0,0,0,0,1,0,0,0,6,0,0,0,0,1,1,1,0,0,1,0,1,0,1,0,1,0,0,0,0,0,59.47,50.03,25.21
0,1,48,1,1,0,0,0,0,0,0,0,1,0,10,0,0,0,0,0,0,0,1,0,1,0,0,1,0,1,1,0,0,1,1,0,87.77,72.28,25.31
1,1,22,1,1,0,0,0,0,0,0,1,0,0,0,0,0,0,1,1,1,0,0,0,0,0,1,1,1,0,1,1,0,1,0,0,95.5,87.64,40.25
1,0,56,0,1,0,0,0,0,0,0,0,1,0,19,0,0,0,1,0,0,0,1,1,0,1,1,1,0,0,1,1,0,0,0,0,60.42,74.57,20.63
1,1,23,1,1,0,0,0,0,0,0,0,1,0,0,0,0,0,0,1,1,0,0,0,1,1,0,0,0,0,1,0,0,0,0,1,58.78,64.7,31.08
1,1,43,1,1,0,0,0,1,0,0,0,0,0,16,0,0,0,0,1,0,0,1,0,0,0,1,1,0,1,1,0,0,0,0,0,68.39,87.68,37.87
1,1,36,1,1,0,0,0,0,1,0,0,0,0,2,0,0,0,1,0,0,0,1,0,0,0,1,0,0,1,1,0,0,0,0,1,83.44,63.74,28.3
1,1,59,0,0,1,0,0,0,0,1,0,0,0,20,1,1,1,0,1,1,0,0,0,0,0,0,0,0,0,1,0,1,0,0,1,37.46,58.83,18.33
1,1,58,0,0,0,0,1,0,0,0,0,1,0,19,0,1,1,0,0,0,0,1,0,0,1,1,0,0,0,1,0,0,0,0,0,86.33,93.61,32.24
1,0,31,1,0,0,0,1,0,0,0,1,0,0,1,1,1,1,0,1,1,0,1,0,0,0,0,0,0,0,1,0,0,0,0,0,66.53,59.62,25.05
1,1,28,1,1,0,0,0,0,1,0,0,0,0,6,0,1,1,0,1,0,0,0,0,1,0,0,1,0,0,1,0,0,0,0,0,50.08,57.21,28.08
1,1,25,1,0,1,0,0,0,0,1,0,0,0,0,0,0,0,0,0,0,1,1,1,0,0,0,1,0,0,1,0,0,1,0,0,65.97,53.27,26.51
0,0,48,1,1,0,0,0,1,0,0,0,0,0,17,0,1,0,0,0,0,0,0,0,1,0,1,0,0,0,1,0,0,0,0,0,71.95,75.6,22.64
1,1,45,1,1,0,0,0,0,1,0,0,0,0,11,0,1,1,1,0,0,0,0,1,0,0,0,0,0,0,1,0,0,0,0,0,73.2,75.05,32.82
1,1,22,1,0,0,0,1,0,0,0,0,1,0,1,1,0,0,1,1,0,0,1,0,0,0,1,0,0,1,1,0,0,0,0,0,100,87.92,40.37
0,1,32,1,1,0,0,0,0,0,0,1,0,0,4,0,1,1,1,1,0,0,0,1,0,1,0,0,0,0,1,0,0,0,0,0,90.77,68.4,26.16
1,0,23,1,1,0,0,0,1,0,0,0,0,0,1,0,1,0,0,1,0,0,1,0,0,0,1,0,0,1,1,0,0,1,1,0,86.56,56.57,23.83
0,0,43,1,0,0,0,1,0,0,0,1,0,0,17,1,0,0,0,0,0,1,0,0,1,0,0,0,0,0,1,0,0,1,0,1,67.69,84.19,26.08
1,0,22,1,1,0,0,0,0,1,0,0,0,0,1,1,1,1,0,0,0,0,1,0,1,0,0,1,0,0,1,0,0,1,1,0,80,77.5,32.2
0,1,24,1,0,0,0,1,0,0,0,0,1,0,0,0,1,0,0,0,1,1,1,0,0,1,0,1,0,0,1,1,1,0,0,0,68.59,63.19,24.08
0,0,40,1,1,0,0,0,1,0,0,0,0,0,7,1,1,0,0,0,0,0,1,1,0,0,0,1,1,0,1,0,0,1,0,0,56.33,48.77,11.91
0,1,40,1,1,0,0,0,0,1,0,0,0,0,16,1,0,0,1,0,1,1,0,1,1,0,0,0,0,0,1,0,0,0,1,0,71.96,83.76,29.9
0,0,47,1,0,0,1,0,0,0,0,1,0,0,11,0,0,0,0,1,0,0,1,0,0,0,1,0,0,1,1,1,0,0,0,0,82.07,105.69,34.68
0,0,50,0,1,0,0,0,0,0,0,1,0,0,22,1,1,0,0,0,0,1,0,1,0,0,0,0,0,1,1,0,0,0,0,0,100,94.69,22.28
1,1,48,1,0,1,0,0,0,0,0,0,0,1,11,0,0,0,0,1,0,0,1,1,0,0,1,0,0,0,1,0,0,1,1,0,50.18,60.62,27.05
1,0,48,1,1,0,0,0,0,0,0,1,0,0,15,0,1,1,1,0,0,1,0,1,1,0,0,0,0,1,1,1,1,0,0,0,58.12,74.46,28.58
1,1,58,0,1,0,0,0,1,0,0,0,0,0,28,0,0,0,0,1,0,0,0,0,0,0,1,0,0,1,1,0,0,0,1,1,91.9,81.45,27.38
0,0,48,1,0,1,0,0,0,0,1,0,0,0,11,0,0,0,0,0,1,1,0,1,0,0,0,1,1,0,1,0,0,1,0,0,63.26,66.56,19.02
1,1,25,1,1,0,0,0,0,0,0,1,0,0,0,1,0,0,0,0,1,1,1,0,0,1,1,0,0,0,1,0,1,0,1,0,76.6,63.93,30.77
1,1,35,1,1,0,0,0,1,0,0,0,0,0,13,0,0,0,0,0,0,0,1,0,0,0,0,0,1,1,1,0,0,0,0,0,79.35,71.52,31.41
1,1,43,1,1,0,0,0,0,0,0,1,0,0,16,0,1,1,0,1,0,0,1,0,0,1,0,0,1,0,1,0,0,0,0,1,94.07,96.61,41.44
1,0,33,1,0,0,0,1,0,0,0,1,0,0,2,1,0,0,0,0,1,0,1,1,0,1,1,0,0,0,1,1,1,0,0,0,69.74,70.45,29.38
0,0,45,1,1,0,0,0,0,0,0,1,0,0,9,0,1,0,0,0,0,1,0,0,0,0,0,1,0,0,1,1,0,0,1,0,84.24,78.95,23.98
1,1,24,1,1,0,0,0,0,1,0,0,0,0,0,1,0,0,0,1,1,0,0,0,0,0,1,1,0,0,1,0,1,0,0,0,49.95,67.6,32.24
0,1,25,1,1,0,0,0,0,0,0,1,0,0,0,0,1,1,0,0,0,1,0,0,1,0,0,0,0,0,1,0,1,0,1,0,84.09,55.1,20.84
1,1,54,0,0,0,0,1,0,0,0,0,1,0,26,1,0,0,0,1,0,0,1,0,0,1,0,0,0,1,1,0,0,0,0,1,89.58,91.81,31.52
1,1,24,1,1,0,0,0,1,0,0,0,0,0,0,0,0,0,0,1,0,1,1,0,0,1,1,0,0,0,1,0,1,0,0,0,86.15,67.38,32.15
1,1,28,1,0,1,0,0,0,0,0,0,0,1,2,1,0,0,0,1,1,0,0,0,1,0,1,0,0,1,1,0,0,1,1,0,50.56,51.82,25.93
0,0,22,1,0,1,0,0,0,0,1,0,0,0,1,0,0,0,1,0,1,0,0,0,1,0,0,1,0,1,1,0,0,0,0,0,89.74,73.41,24.16
0,1,32,1,1,0,0,0,0,0,0,1,0,0,10,0,0,0,0,0,0,0,0,0,0,1,0,0,1,1,1,0,0,0,0,0,69.78,68.49,26.2
1,1,26,1,1,0,0,0,1,0,0,0,0,0,0,0,1,0,0,1,1,0,0,0,0,0,1,0,0,0,1,0,1,0,0,0,90.8,58.52,28.61
0,0,25,1,0,1,0,0,0,0,1,0,0,0,5,0,1,1,0,1,0,0,1,0,0,0,0,1,1,0,1,1,0,1,0,0,84.11,52.2,15.68
1,0,29,1,0,0,0,1,0,1,0,0,0,0,4,0,1,0,0,0,1,1,0,1,0,0,0,1,1,0,1,0,0,0,0,0,100,83.78,34.71
0,0,39,1,1,0,0,0,0,0,0,0,1,0,17,0,0,0,0,1,0,0,0,0,1,1,1,0,0,1,1,0,0,1,0,0,48.56,75.75,22.7
0,1,53,0,1,0,0,0,0,0,0,0,1,0,19,0,0,0,0,0,1,0,0,1,1,0,0,0,0,0,1,1,1,0,0,0,54.97,69.53,16.21
0,0,45,1,1,0,0,0,0,0,0,0,1,0,16,1,1,1,0,0,0,0,0,0,0,0,0,0,1,0,1,0,0,0,1,0,52.1,63.73,17.89
0,1,36,1,0,0,1,0,0,1,0,0,0,0,9,0,0,0,0,0,1,1,1,1,0,1,1,0,0,0,1,0,1,0,1,0,55.85,75.28,26.51
0,0,45,1,0,0,0,1,0,0,0,0,1,0,18,1,0,0,1,1,1,0,1,0,0,0,1,0,0,0,1,0,1,0,0,0,68.02,91.45,28.98
1,0,27,1,0,1,0,0,0,0,1,0,0,0,3,0,0,0,1,1,0,1,0,0,0,0,0,0,0,0,1,0,0,0,0,0,67.82,58.66,24.67
1,0,48,1,1,0,0,0,0,0,0,1,0,0,12,1,0,0,0,0,1,0,0,0,0,0,0,1,0,0,1,0,0,0,0,0,88.02,79.77,30.71
1,1,54,0,0,1,0,0,0,0,0,0,0,1,19,0,0,0,1,0,1,0,0,0,1,0,0,0,1,0,1,0,0,0,0,0,90.98,71.05,23.22
0,0,50,0,0,0,0,1,0,1,0,0,0,0,22,1,1,1,0,0,0,0,0,0,0,1,0,1,0,0,1,0,0,0,0,0,49.77,63.33,9.73
1,1,22,1,1,0,0,0,1,0,0,0,0,0,0,1,1,1,0,1,0,0,0,0,0,0,0,0,0,0,1,0,0,0,0,0,63.48,50.54,25.42
0,1,63,0,0,0,0,1,0,0,0,0,1,0,25,0,0,0,0,0,0,0,1,0,0,0,0,1,0,1,1,0,0,0,0,1,72.51,73.78,17.91
0,1,44,1,1,0,0,0,0,0,0,1,0,0,13,0,0,0,0,0,0,0,0,0,0,1,1,1,0,0,1,0,0,1,1,0,82.39,80.49,28.59
1,1,32,1,0,0,0,1,0,0,0,1,0,0,12,0,1,0,0,0,0,1,1,0,0,1,1,1,0,0,1,0,0,0,0,0,67.56,79.96,37.18
0,0,60,0,1,0,0,0,0,1,0,0,0,0,28,0,0,0,0,1,0,0,0,0,1,1,0,0,1,0,1,0,0,1,1,0,66.44,71.24,12.9
1,1,44,1,1,0,0,0,0,0,0,0,1,0,15,0,1,0,0,0,0,0,0,1,0,1,1,1,0,1,1,0,1,0,1,0,62.4,77.15,33.66
1,1,64,0,0,0,1,0,0,0,0,1,0,0,26,0,1,0,0,0,1,1,0,0,0,0,1,0,1,1,1,0,0,1,0,0,80.02,103.78,36.31
1,1,27,1,0,0,0,1,0,1,0,0,0,0,7,0,1,0,0,0,0,0,0,0,0,0,0,0,1,1,1,1,0,0,0,0,62.39,70.41,33.36
0,1,61,0,1,0,0,0,0,1,0,0,0,0,33,0,1,0,0,0,1,1,0,0,0,1,0,0,0,1,1,1,0,0,0,0,67.04,75.25,18.5
1,1,59,0,0,0,0,1,0,0,0,1,0,0,26,0,0,0,1,0,0,0,0,1,1,0,0,0,0,0,1,0,0,0,0,0,88.99,91.92,31.57
0,0,45,1,0,0,0,1,0,1,0,0,0,0,19,0,1,0,0,1,1,0,0,1,0,0,0,0,1,0,1,0,1,0,1,0,84.73,93.79,29.92
0,1,48,1,0,0,0,1,0,1,0,0,0,0,16,1,1,1,0,1,0,0,0,0,0,0,1,1,0,0,1,0,0,1,0,0,71.61,88.25,31.7
0,0,35,1,1,0,0,0,0,0,0,0,1,0,10,0,1,1,0,0,0,0,0,0,0,1,1,0,0,0,1,0,0,0,0,0,100,76.29,22.92
1,0,23,1,1,0,0,0,0,0,0,0,1,0,1,0,1,1,0,1,1,0,1,0,0,0,1,0,1,0,1,1,0,0,0,1,77.63,69.15,28.86
1,0,22,1,1,0,0,0,0,1,0,0,0,0,2,0,0,0,0,1,0,0,1,0,0,1,0,0,0,0,1,0,0,0,1,0,52.15,48.4,20.56
1,1,31,1,1,0,0,0,1,0,0,0,0,0,6,0,1,0,0,0,1,0,0,1,0,0,0,1,0,0,1,1,0,0,0,0,85.98,79.78,37.11
1,0,26,1,1,0,0,0,1,0,0,0,0,0,4,0,0,0,1,0,0,1,0,0,1,0,0,0,0,0,1,0,0,0,0,0,67.47,49.24,20.9
0,0,22,1,0,0,0,1,0,1,0,0,0,0,2,0,0,0,0,1,1,0,0,0,0,0,0,1,1,0,1,0,0,0,0,0,71.66,60.47,18.99
1,0,22,1,1,0,0,0,0,0,0,1,0,0,0,0,0,0,1,0,0,1,0,1,0,0,1,0,0,0,1,0,0,1,0,1,78.65,60.96,25.59
1,0,23,1,0,0,0,1,0,0,0,1,0,0,2,0,1,0,0,0,1,0,1,0,0,0,0,0,0,0,1,0,0,0,1,1,82.58,71.83,29.93
0,0,46,1,0,0,0,1,0,0,0,1,0,0,16,1,0,0,0,0,1,1,0,0,0,0,0,0,0,0,1,0,0,0,0,0,94.94,92.79,29.52
1,1,34,1,0,0,0,1,0,0,0,0,1,0,10,0,1,0,1,0,0,1,0,0,0,0,0,0,1,1,1,1,0,0,1,0,54.63,68.8,32.72
1,0,28,1,0,0,0,1,0,1,0,0,0,0,1,0,1,1,0,0,0,0,0,1,0,1,0,1,0,0,1,0,0,0,0,0,46.66,55.58,23.43
1,0,56,0,0,0,0,1,0,0,0,0,1,0,10,0,1,1,1,1,0,0,0,0,0,0,0,0,0,0,1,0,0,0,0,0,74.64,71.77,19.51
1,0,24,1,1,0,0,0,0,1,0,0,0,0,4,0,0,0,0,0,0,0,1,0,0,1,0,1,0,1,1,0,0,0,1,1,88.16,72.7,30.28
1,1,32,1,0,1,0,0,0,0,1,0,0,0,6,0,1,0,0,0,0,0,1,0,0,0,0,1,0,1,1,0,0,1,0,1,72.31,52.39,26.15
1,0,44,1,1,0,0,0,0,1,0,0,0,0,18,1,0,0,0,0,1,0,1,0,0,0,0,1,0,1,1,1,0,0,0,0,88.87,89.47,34.59
0,0,45,1,1,0,0,0,0,0,0,0,1,0,11,1,0,0,0,0,0,0,1,1,1,0,1,1,0,0,1,0,1,1,0,0,76.72,85.07,26.43
1,0,44,1,0,0,0,1,0,1,0,0,0,0,10,0,1,0,0,0,0,0,1,0,0,0,0,1,0,0,1,1,0,0,0,0,67.74,73.92,28.37
1,1,43,1,0,0,0,1,0,1,0,0,0,0,14,0,0,0,0,0,0,0,1,1,0,0,1,0,1,0,1,0,1,0,0,1,100,98.03,42.01
1,0,61,0,0,0,0,1,0,0,0,1,0,0,25,1,0,0,0,0,1,0,0,0,1,1,0,1,1,0,1,0,0,0,0,0,59.66,79.29,22.51
0,0,27,1,1,0,0,0,0,0,0,0,1,0,0,0,1,1,0,1,0,0,0,0,1,1,1,0,0,0,1,1,0,0,0,0,51.57,65.97,21.19
1,0,54,0,1,0,0,0,0,0,0,0,1,0,21,0,1,0,0,1,0,0,0,0,1,0,1,0,0,0,1,0,0,1,1,0,51.35,78.67,22.27
1,0,54,0,1,0,0,0,0,1,0,0,0,0,24,1,1,1,0,1,1,0,0,1,0,0,0,0,1,0,1,0,0,0,0,0,79.86,83.6,24.24
1,0,27,1,1,0,0,0,0,0,0,1,0,0,7,0,1,1,0,1,0,0,0,0,0,0,0,0,1,0,1,1,0,0,0,1,48.9,55.01,23.2
1,0,32,1,0,0,0,1,0,0,0,0,1,0,1,0,1,1,0,0,0,0,0,0,1,0,1,1,1,1,1,1,0,0,1,0,51.66,59.02,24.81
1,0,28,1,0,0,0,1,0,0,0,1,0,0,0,0,0,0,1,0,0,0,1,0,0,0,1,1,0,1,1,0,1,1,0,0,68.58,79.37,32.95
1,1,47,1,0,0,0,1,0,0,0,1,0,0,18,0,0,0,0,1,0,1,1,1,0,1,0,1,0,0,1,0,1,0,0,0,93.22,96.73,41.49
1,0,25,1,0,1,0,0,0,0,1,0,0,0,1,0,0,0,0,0,1,0,1,0,0,1,0,0,0,0,1,1,0,0,0,1,74.44,57.02,24.01
1,1,59,0,1,0,0,0,1,0,0,0,0,0,22,0,1,1,1,0,0,1,0,1,0,0,0,0,0,1,1,0,0,1,0,0,66.17,77.1,25.64
0,0,22,1,0,0,0,1,0,0,0,1,0,0,2,0,1,0,1,0,1,1,0,0,0,0,0,0,0,1,1,0,0,0,0,0,80.2,80.97,27.19
0,1,27,1,1,0,0,0,0,0,0,1,0,0,0,1,0,0,0,1,0,0,1,0,0,0,1,0,0,0,1,0,0,0,0,0,60.92,58.07,22.03
0,1,47,1,1,0,0,0,0,1,0,0,0,0,14,1,0,0,1,1,0,0,0,0,0,0,0,0,0,0,1,0,0,0,0,0,78.26,84.98,30.39
0,1,43,1,0,0,0,1,0,0,0,1,0,0,14,0,0,0,1,1,0,0,0,0,0,0,0,1,0,0,1,1,0,0,0,0,68.27,79.56,28.22
0,0,22,1,1,0,0,0,0,0,0,0,1,0,2,0,1,0,0,0,0,0,1,0,0,0,0,0,1,0,1,1,0,0,0,1,57.8,54.58,16.63
1,0,32,1,0,0,0,1,0,0,0,0,1,0,2,1,0,0,0,1,0,1,0,0,1,0,0,0,0,0,1,0,1,0,0,0,80.11,81.68,33.87
0,1,31,1,0,0,0,1,0,0,0,0,1,0,7,0,1,0,0,0,1,0,0,1,0,0,0,0,0,0,1,1,0,0,0,1,85.52,75.25,28.9
1,0,28,1,1,0,0,0,0,0,0,0,1,0,8,1,1,0,0,1,1,0,0,0,0,0,1,0,0,0,1,0,1,0,0,0,55.83,48.32,20.53
1,1,33,1,1,0,0,0,1,0,0,0,0,0,13,1,0,0,0,0,1,0,0,1,0,0,0,0,1,0,1,0,1,0,1,0,90.15,76.91,35.96
0,0,46,1,0,1,0,0,0,0,0,0,0,1,23,0,0,0,0,0,0,0,1,0,0,0,1,1,0,0,1,0,0,0,0,0,57.65,45.93,10.77
1,0,39,1,0,0,0,1,0,1,0,0,0,0,12,0,0,0,0,1,1,0,0,1,0,0,0,0,0,0,1,0,0,0,0,1,87.8,93.98,36.39
0,1,65,0,1,0,0,0,0,0,0,1,0,0,26,1,0,0,0,0,1,0,0,0,0,1,0,1,1,0,1,0,0,1,0,0,74.49,72.42,17.37
1,1,36,1,1,0,0,0,0,0,0,0,1,0,12,0,1,1,0,0,1,1,1,0,0,1,0,0,0,1,1,0,0,0,0,1,51.44,58.38,26.15
1,1,39,1,1,0,0,0,0,1,0,0,0,0,13,0,1,1,0,1,1,0,0,1,1,0,0,0,1,0,1,0,0,0,0,0,100,94.38,40.55
1,1,52,0,1,0,0,0,1,0,0,0,0,0,18,0,1,1,0,0,1,1,1,0,1,0,1,0,0,0,1,1,0,0,0,0,95.46,91.21,31.28
0,0,61,0,1,0,0,0,1,0,0,0,0,0,21,0,1,0,0,0,0,0,0,0,0,1,0,0,1,0,1,0,0,1,0,0,82.49,68,11.6
0,0,30,1,1,0,0,0,0,1,0,0,0,0,1,0,0,0,0,0,0,0,1,0,1,1,0,0,1,0,1,0,0,0,0,0,88.42,66.63,21.45
1,0,37,1,1,0,0,0,1,0,0,0,0,0,13,1,1,1,0,0,0,1,0,0,1,0,0,0,1,0,1,0,0,1,1,0,82.87,75.26,28.9
1,1,27,1,1,0,0,0,0,0,0,1,0,0,6,0,0,0,1,1,1,1,0,0,0,1,0,0,0,0,1,0,0,0,0,0,100,75.24,35.3
1,0,22,1,1,0,0,0,0,0,0,0,1,0,0,0,0,0,0,1,0,0,0,0,0,0,0,1,0,1,1,0,1,0,1,0,53.47,32.5,14.2
0,0,31,1,0,1,0,0,0,0,0,0,0,1,7,0,1,1,0,0,0,0,0,0,0,0,0,0,1,0,1,0,1,0,0,0,99.43,65.36,20.94
0,1,33,1,1,0,0,0,1,0,0,0,0,0,5,0,1,0,0,1,0,0,0,1,0,0,1,1,0,0,1,0,1,0,0,0,66.2,61.46,23.38
1,0,33,1,1,0,0,0,1,0,0,0,0,0,7,0,1,1,1,0,0,0,0,0,0,0,0,1,0,0,1,0,0,0,0,0,87.5,56.08,23.63
0,0,47,1,1,0,0,0,1,0,0,0,0,0,16,0,1,1,0,0,0,0,1,1,1,0,0,1,0,0,1,0,0,0,0,0,71.09,90.06,28.42
1,0,23,1,1,0,0,0,0,0,0,0,1,0,1,0,1,1,0,0,1,1,0,0,1,0,0,1,0,0,1,1,0,0,1,0,53.79,54.27,22.91
1,0,42,1,0,0,1,0,0,0,0,1,0,0,8,0,0,0,0,0,0,0,0,1,0,0,0,1,1,1,1,0,1,0,0,1,66.99,69.99,26.8
0,0,47,1,0,0,0,1,0,0,0,0,1,0,24,0,1,0,0,0,0,0,0,1,0,0,0,0,1,0,1,0,0,0,0,0,80.9,84.69,26.28
0,0,39,1,0,1,0,0,0,0,1,0,0,0,8,0,1,0,0,1,1,0,0,1,0,0,0,0,0,0,1,0,1,0,0,0,58.94,46.51,11
1,0,45,1,1,0,0,0,0,0,0,1,0,0,9,0,1,0,0,0,0,0,0,1,1,1,0,0,1,0,1,0,0,0,0,0,42.71,60.63,23.05
1,0,54,0,1,0,0,0,0,1,0,0,0,0,29,1,1,0,0,0,0,0,0,0,0,1,0,0,0,0,1,0,1,1,0,0,68.42,86.12,25.25
0,0,47,1,1,0,0,0,0,1,0,0,0,0,14,0,0,0,0,1,0,0,0,1,0,1,1,0,1,1,1,0,1,0,0,0,63.66,82.74,25.5
0,0,47,1,0,1,0,0,0,0,1,0,0,0,11,1,1,1,0,0,0,1,1,0,0,0,1,0,0,0,1,0,0,0,1,0,100,77.3,23.32
1,0,25,1,0,1,0,0,0,0,1,0,0,0,0,0,1,1,0,0,1,1,0,0,0,0,1,0,1,0,1,0,0,0,0,1,72.2,52.44,22.18
1,1,43,1,1,0,0,0,0,0,0,1,0,0,14,0,1,1,1,1,0,0,1,0,0,0,0,0,0,1,1,0,0,0,0,0,79.25,75.62,33.05
0,0,26,1,0,1,0,0,0,0,0,0,0,1,1,0,0,0,0,0,1,0,0,0,1,0,1,0,1,0,1,0,1,0,0,0,97.36,63.45,20.18
1,1,34,1,1,0,0,0,0,0,0,0,1,0,5,1,1,0,0,1,0,1,1,0,0,0,0,0,0,1,1,0,1,0,1,0,79.54,66.52,31.81
1,0,38,1,1,0,0,0,0,1,0,0,0,0,13,0,0,0,0,1,0,0,1,0,1,0,0,0,0,0,1,0,0,1,1,0,52.73,46.9,17.56
0,1,30,1,1,0,0,0,0,0,0,0,1,0,8,0,0,0,0,1,1,0,0,0,0,0,1,0,0,1,1,0,0,1,0,0,93.12,73.72,28.29
0,1,22,1,1,0,0,0,0,0,0,1,0,0,0,0,1,0,0,1,0,1,0,1,0,0,0,0,0,1,1,0,0,0,0,1,80.88,53.06,20.03
1,0,39,1,0,0,1,0,0,1,0,0,0,0,10,0,0,0,0,0,1,1,0,0,0,0,0,1,0,0,1,0,0,0,0,1,60.09,79.79,30.72
1,0,27,1,1,0,0,0,0,0,0,0,1,0,1,1,1,1,0,0,0,0,0,0,0,0,0,0,0,1,1,0,0,1,1,0,61.73,51.34,21.74
1,1,43,1,0,0,0,1,0,0,0,0,1,0,19,0,1,1,0,0,1,0,0,0,1,0,0,0,0,1,1,0,0,0,0,1,92.13,82.24,35.7
1,0,33,1,0,0,1,0,0,0,0,1,0,0,13,1,0,0,0,0,1,0,1,0,0,0,1,0,1,0,1,1,0,0,1,0,65.91,94.7,39.08
0,1,44,1,1,0,0,0,0,0,0,0,1,0,14,0,0,0,0,0,0,0,0,0,1,1,1,1,1,0,1,0,0,0,0,0,76.33,90.68,32.67
1,1,46,1,0,1,0,0,0,0,0,0,0,1,9,1,1,1,1,0,0,0,0,0,1,1,0,0,1,0,1,1,1,0,0,0,60.43,69.84,30.74
1,1,22,1,1,0,0,0,0,0,0,0,1,0,0,0,0,0,1,0,0,1,0,0,0,0,1,0,0,1,1,0,0,0,1,1,63.27,61.26,29.7
1,0,33,1,0,0,0,1,0,0,0,0,1,0,0,0,0,0,0,0,1,0,1,1,0,1,0,0,0,0,1,0,0,1,1,0,97.52,74.05,30.82
0,0,37,1,0,1,0,0,0,0,1,0,0,0,7,0,0,0,0,0,0,0,0,0,0,1,1,1,1,1,1,0,0,1,1,0,96.83,86.87,27.15
0,0,25,1,1,0,0,0,1,0,0,0,0,0,0,0,0,0,0,1,0,0,0,0,0,0,1,1,0,1,1,0,0,0,0,0,45.5,61.18,19.27
1,1,33,1,0,0,0,1,0,0,0,1,0,0,2,0,0,0,0,1,0,0,0,1,0,0,1,1,1,0,1,0,0,0,0,0,54.89,68.91,32.76
0,0,62,0,1,0,0,0,0,0,0,1,0,0,23,1,1,0,0,1,1,0,0,0,0,0,1,0,0,0,1,0,0,1,0,0,99.11,95.03,22.41
0,1,46,1,0,0,1,0,0,1,0,0,0,0,17,0,1,1,0,1,0,0,0,1,0,0,1,0,0,1,1,0,0,0,0,0,73.58,94.43,34.17
0,1,44,1,0,0,0,1,0,1,0,0,0,0,14,0,0,0,1,0,0,0,0,1,0,1,0,0,0,0,1,1,1,0,0,0,100,98.73,35.89
1,0,53,0,1,0,0,0,0,0,0,0,1,0,29,0,1,1,0,0,0,0,0,0,0,1,0,1,0,0,1,0,0,0,0,0,65.66,73.12,20.05
1,1,43,1,0,0,1,0,0,0,0,1,0,0,11,0,0,0,1,1,1,0,0,0,0,1,1,1,0,0,1,1,0,0,0,1,62.24,82.06,35.63
0,0,32,1,1,0,0,0,0,1,0,0,0,0,8,1,1,1,0,0,0,1,0,0,0,0,0,0,1,0,1,0,0,0,1,0,79.17,85.86,29.15
0,1,37,1,1,0,0,0,0,1,0,0,0,0,8,0,1,0,0,1,1,0,0,0,1,0,0,0,0,1,1,0,0,0,0,1,81.29,70.08,24.43
0,0,30,1,1,0,0,0,0,0,0,0,1,0,3,0,1,1,1,0,1,0,0,0,0,0,0,1,0,0,1,0,0,1,1,0,83.84,71.79,23.51
1,1,46,1,0,1,0,0,0,0,1,0,0,0,8,0,1,1,1,0,0,0,0,0,1,1,0,1,0,0,1,0,0,0,1,1,93.94,67.96,29.98
1,0,43,1,1,0,0,0,0,0,0,0,1,0,22,0,1,1,0,0,0,0,1,0,0,0,0,0,0,1,1,0,1,0,0,0,99.46,93.16,36.06
1,0,35,1,0,1,0,0,0,0,0,0,0,1,7,0,0,0,0,1,1,0,0,0,1,1,0,1,1,0,1,0,0,0,0,0,68.2,64.91,24.76
1,1,26,1,1,0,0,0,0,0,0,1,0,0,6,0,1,0,0,0,0,0,1,0,0,1,0,0,0,0,1,0,1,0,0,0,62.35,58.68,28.67
1,0,62,0,0,0,1,0,0,0,0,1,0,0,19,0,0,0,0,1,1,0,0,0,0,1,0,0,0,0,1,0,1,0,0,1,100,112.27,35.71
1,0,24,1,1,0,0,0,0,0,0,0,1,0,3,0,0,0,0,0,0,1,1,1,0,0,1,1,0,0,1,0,1,0,0,1,56.2,59.43,24.97
1,1,32,1,0,0,0,1,0,0,0,0,1,0,6,0,1,0,0,0,1,0,0,1,1,0,1,0,1,0,1,0,0,0,0,0,48.47,66.35,31.74
1,0,48,1,1,0,0,0,0,0,0,1,0,0,15,0,1,1,0,0,1,0,1,1,0,0,0,0,0,0,1,0,0,0,0,0,72.12,87.08,33.63
1,1,45,1,1,0,0,0,0,1,0,0,0,0,20,1,1,1,0,0,0,1,1,1,0,0,0,1,0,0,1,0,0,0,0,1,68.14,76.85,33.54
1,0,35,1,0,0,1,0,0,0,0,1,0,0,9,1,0,0,0,1,0,1,0,0,0,0,0,0,0,0,1,1,1,0,0,0,60.35,70.32,26.93
0,1,22,1,0,0,0,1,0,0,0,0,1,0,2,1,1,0,0,0,0,0,0,1,0,0,0,0,0,0,1,1,0,0,0,0,70.93,63.9,24.36
1,0,26,1,1,0,0,0,0,0,0,1,0,0,0,0,1,0,0,0,1,1,1,0,0,0,1,0,1,0,1,0,1,0,0,1,48.56,45.14,19.26
1,0,61,0,1,0,0,0,0,0,0,0,1,0,17,1,0,0,1,0,0,0,0,0,0,0,1,1,0,0,1,0,0,0,1,0,67.06,79.28,22.51
1,1,63,0,1,0,0,0,0,0,0,1,0,0,19,0,1,1,0,1,1,0,1,0,0,0,0,0,0,0,1,0,0,0,0,0,62.87,69.27,22.51
1,1,53,0,1,0,0,0,0,1,0,0,0,0,14,0,1,0,1,0,0,0,0,0,1,0,0,0,1,0,1,0,0,0,0,0,75.93,82.4,27.76
0,0,29,1,1,0,0,0,0,0,0,1,0,0,6,0,0,0,1,0,0,1,1,0,0,0,0,0,0,0,1,1,1,0,0,0,56,57.44,17.78
0,0,37,1,1,0,0,0,0,0,0,1,0,0,11,0,0,0,0,0,1,0,0,0,1,1,0,1,0,1,1,0,0,0,0,0,100,85.87,26.75
1,1,39,1,1,0,0,0,0,0,0,1,0,0,7,1,1,1,0,1,0,0,0,1,1,0,0,0,0,1,1,0,0,0,1,1,64.36,64.78,28.71
0,0,22,1,0,0,0,1,0,0,0,0,1,0,0,0,1,1,0,1,0,1,0,0,0,0,1,0,1,0,1,0,1,0,0,0,51.55,64.01,20.41
1,1,47,1,0,0,0,1,0,1,0,0,0,0,14,0,1,1,0,1,0,0,0,0,0,0,1,0,1,0,1,1,0,0,0,0,94.64,90.84,39.14
1,0,30,1,0,0,0,1,0,0,0,0,1,0,10,0,0,0,1,1,0,1,0,0,0,0,0,0,1,0,1,1,0,0,0,0,91.2,81.21,33.68
1,1,49,1,0,0,0,1,0,1,0,0,0,0,21,1,0,0,0,1,0,1,0,0,0,1,0,0,0,0,1,1,0,0,0,1,87.51,90.96,39.18
1,0,23,1,1,0,0,0,0,0,0,1,0,0,0,1,0,0,1,1,1,0,0,0,0,0,0,0,1,1,1,0,0,0,0,0,81.35,82.61,34.24
0,0,46,1,0,0,1,0,0,1,0,0,0,0,10,0,0,0,1,0,1,1,0,1,0,0,0,0,0,0,1,0,0,0,1,0,78.98,90.18,28.47
0,1,64,0,1,0,0,0,1,0,0,0,0,0,29,0,1,0,0,0,1,0,1,1,0,0,0,1,0,0,1,0,0,1,1,0,100,95.89,26.75
0,1,56,0,0,0,0,1,0,0,0,1,0,0,21,0,0,0,1,0,0,0,0,0,1,0,0,0,1,0,1,1,1,0,0,0,100,98.31,27.72
1,0,39,1,1,0,0,0,1,0,0,0,0,0,15,0,0,0,1,0,1,1,0,0,0,0,0,0,0,1,1,0,1,0,1,0,74.66,69.85,26.74
0,1,30,1,0,1,0,0,0,0,1,0,0,0,2,0,1,1,0,0,0,0,1,0,0,1,1,1,0,1,1,0,1,1,0,0,65.06,37.94,13.98
0,0,24,1,0,0,0,1,0,1,0,0,0,0,2,1,1,0,0,0,0,0,0,1,0,0,0,0,0,0,1,1,0,0,0,1,74.64,63.76,20.3
1,0,28,1,1,0,0,0,0,1,0,0,0,0,4,1,0,0,1,0,0,0,1,1,0,0,0,0,0,0,1,1,0,0,0,0,68.97,69.03,28.81
1,0,44,1,1,0,0,0,0,0,0,0,1,0,9,1,0,0,0,0,0,0,0,1,0,0,0,0,1,0,1,1,0,0,0,0,64.83,66.84,25.53
0,0,35,1,1,0,0,0,1,0,0,0,0,0,8,0,0,0,0,0,0,0,0,1,0,0,1,0,1,0,1,0,1,0,1,0,79.09,74.64,22.26
1,1,36,1,0,0,0,1,0,1,0,0,0,0,0,0,0,0,1,1,0,0,0,1,1,0,0,0,0,0,1,0,0,1,0,0,87.71,71.19,31.27
0,1,62,0,1,0,0,0,0,0,0,0,1,0,23,0,1,0,1,1,0,0,0,0,1,0,1,0,1,0,1,1,0,0,0,1,77.94,85.36,22.54
1,0,41,1,1,0,0,0,0,0,0,0,1,0,9,1,0,0,0,0,0,0,0,0,0,1,1,0,0,0,1,0,0,0,0,0,87.12,74.69,28.68
1,1,36,1,1,0,0,0,1,0,0,0,0,0,15,1,0,0,0,0,0,0,0,1,0,0,0,0,0,1,1,0,0,0,0,0,50.9,69.39,30.56
0,1,56,0,0,0,0,1,0,0,0,1,0,0,24,0,1,0,0,0,0,0,0,0,0,1,0,0,0,1,1,0,0,0,0,1,100,93.66,25.87
1,0,51,0,0,0,0,1,0,1,0,0,0,0,16,0,1,1,0,0,0,0,0,0,1,0,1,1,0,0,1,1,0,0,0,0,63.99,83.09,24.03
1,1,26,1,0,0,1,0,0,0,0,1,0,0,6,0,1,1,0,0,0,1,0,0,0,0,1,1,0,0,1,1,0,1,0,0,82.52,89.35,40.94
1,1,23,1,0,0,0,1,0,1,0,0,0,0,3,0,0,0,0,0,0,1,0,0,1,0,0,1,1,1,1,1,0,0,0,0,88.29,83.17,38.47
0,0,45,1,0,0,0,1,0,0,0,1,0,0,14,0,0,0,0,0,1,1,0,1,0,0,0,1,0,0,1,0,0,0,0,0,50.97,70.27,20.51
0,0,45,1,0,0,0,1,0,1,0,0,0,0,10,0,1,0,1,0,0,0,0,0,0,0,1,1,0,1,1,0,1,0,0,0,100,95.86,30.74
1,1,41,1,0,1,0,0,0,0,1,0,0,0,9,1,1,0,0,1,1,0,0,0,0,0,0,0,1,0,1,0,0,1,0,0,64.61,48.13,22.05
1,1,47,1,0,1,0,0,0,0,0,0,0,1,14,0,1,1,0,0,0,1,1,0,0,0,0,0,0,0,1,0,0,0,1,1,91.27,69.5,30.6
1,1,53,0,1,0,0,0,1,0,0,0,0,0,19,0,0,0,0,0,0,0,0,0,1,0,0,1,0,1,1,0,0,0,1,0,63.72,67.37,21.75
0,1,35,1,0,0,1,0,0,0,0,1,0,0,4,0,0,0,1,0,0,0,0,1,0,0,1,0,0,0,1,0,1,0,0,1,69.01,70.13,24.45
1,1,62,0,0,0,0,1,0,0,0,1,0,0,17,0,1,1,0,1,0,0,1,0,0,0,0,1,0,0,1,0,0,1,0,0,88.43,89.43,30.57
1,0,41,1,0,1,0,0,0,0,0,0,0,1,11,0,0,0,1,1,0,0,1,0,0,1,1,0,0,0,1,0,1,0,0,1,62.52,43.91,16.36
1,1,42,1,0,1,0,0,0,0,1,0,0,0,11,0,0,0,0,0,1,1,0,0,1,0,0,0,0,0,1,0,0,1,0,0,65.25,59.41,26.56
1,0,29,1,1,0,0,0,0,0,0,1,0,0,5,0,0,0,1,0,1,0,1,0,1,0,1,0,0,0,1,0,1,0,0,0,78.1,75.72,31.49
0,1,62,0,0,1,0,0,0,0,1,0,0,0,19,0,0,0,0,1,1,1,0,0,0,0,0,0,1,0,1,1,0,0,0,0,76.63,69.72,16.29
1,0,31,1,0,1,0,0,0,0,0,0,0,1,4,0,0,0,0,0,0,0,1,0,0,0,1,0,0,1,1,0,0,0,0,0,45.61,45.44,19.37
0,0,42,1,1,0,0,0,0,0,0,0,1,0,7,0,1,1,1,1,0,0,0,0,0,1,0,1,0,1,1,0,0,0,1,1,88.79,86.11,26.84
0,0,52,0,0,0,1,0,0,0,0,1,0,0,15,1,0,0,0,0,1,0,0,1,1,0,0,1,0,1,1,1,0,0,0,1,47.71,79.42,16.17
1,0,47,1,0,0,0,1,0,1,0,0,0,0,10,0,0,0,0,0,0,0,0,0,1,1,0,0,1,0,1,0,0,1,1,0,68.84,69.13,26.45
1,1,34,1,1,0,0,0,0,1,0,0,0,0,6,0,0,0,1,1,0,0,0,1,0,0,0,0,0,0,1,0,1,0,0,1,53.81,69.12,32.85
1,1,42,1,1,0,0,0,0,0,0,0,1,0,7,1,1,0,0,0,1,0,1,0,0,0,0,0,0,0,1,0,0,0,1,0,66.11,62.69,27.88
1,1,23,1,1,0,0,0,1,0,0,0,0,0,1,0,0,0,1,0,1,0,1,1,0,0,0,1,0,0,1,0,0,1,0,0,73.47,64.78,31.11
1,1,29,1,0,1,0,0,0,0,1,0,0,0,3,1,1,0,0,1,0,0,0,0,0,0,1,0,0,1,1,0,0,0,0,0,98.98,71.13,33.65
0,1,60,0,1,0,0,0,0,0,0,1,0,0,21,0,1,1,0,0,0,0,0,1,0,0,0,0,1,1,1,0,0,0,0,1,51.91,55.97,10.79
1,1,41,1,1,0,0,0,0,0,0,0,1,0,13,0,1,1,0,0,0,1,0,0,0,1,0,0,1,0,1,1,0,0,0,0,82.51,63.07,28.03
1,1,33,1,1,0,0,0,0,0,0,0,1,0,4,1,0,0,1,1,0,1,0,0,0,0,1,1,0,0,1,1,0,0,0,1,75.92,72.66,34.27
1,1,34,1,1,0,0,0,1,0,0,0,0,0,0,0,1,0,1,1,0,0,1,0,0,1,0,0,0,0,1,0,0,0,0,1,70.71,67.88,32.35
1,1,32,1,1,0,0,0,0,0,0,0,1,0,12,0,0,0,0,0,1,0,1,0,0,0,0,0,0,1,1,0,1,1,0,0,52.13,63.54,30.61
0,0,49,1,0,0,0,1,0,0,0,0,1,0,17,0,1,0,1,1,1,0,0,0,0,0,0,0,0,0,1,0,0,0,0,0,69.13,82.01,25.2
0,0,24,1,1,0,0,0,0,0,0,0,1,0,0,0,1,1,0,0,0,1,0,0,1,0,1,0,1,1,1,0,0,0,0,1,74.8,65.53,21.01
1,1,33,1,1,0,0,0,0,0,0,1,0,0,4,0,1,1,0,1,1,0,1,0,1,0,0,0,1,0,1,0,0,0,0,0,95.62,60.24,29.3
0,0,27,1,0,0,0,1,0,1,0,0,0,0,7,0,0,0,0,0,0,1,0,1,0,0,0,1,1,0,1,0,0,0,1,1,81.22,93.88,32.35
1,1,65,0,1,0,0,0,0,0,0,0,1,0,28,1,1,0,1,0,0,0,0,0,1,0,0,0,0,0,1,1,0,0,0,0,30.89,61.9,19.56
1,0,39,1,0,0,0,1,0,0,0,1,0,0,10,0,0,0,0,0,0,0,1,0,1,0,1,1,0,0,1,0,0,0,0,1,68.85,70.51,27
0,1,30,1,0,0,1,0,0,0,0,1,0,0,8,1,0,0,0,0,0,0,1,1,0,0,0,1,1,0,1,0,1,0,1,0,82.7,96.11,37.25
1,0,36,1,0,0,0,1,0,0,0,1,0,0,10,0,0,0,0,1,1,0,1,0,0,0,0,0,0,0,1,0,0,0,0,0,83.77,83.79,32.32
1,1,29,1,1,0,0,0,0,0,0,1,0,0,1,0,0,0,0,0,0,1,0,0,1,1,1,0,1,0,1,0,0,0,0,0,72.83,55.14,27.25
0,1,54,0,1,0,0,0,0,1,0,0,0,0,17,0,1,1,0,1,0,0,0,1,1,0,0,0,0,1,1,0,0,1,0,0,68.05,77.87,19.55
0,0,26,1,0,1,0,0,0,0,0,0,0,1,0,1,0,0,0,0,0,1,0,0,0,0,0,1,0,1,1,0,1,0,0,0,63.56,39.7,10.68
0,1,54,0,1,0,0,0,1,0,0,0,0,0,15,0,0,0,0,0,0,1,0,0,0,1,0,1,1,0,1,0,1,0,0,0,51.89,65.54,14.62
0,0,31,1,1,0,0,0,0,0,0,0,1,0,0,0,1,0,0,0,0,1,1,1,0,1,0,0,1,0,1,0,0,1,0,1,77.76,79.15,26.46
0,1,42,1,0,0,0,1,0,0,0,0,1,0,16,0,0,0,0,0,0,0,0,0,0,0,1,1,1,0,1,0,0,0,0,0,78.55,93.05,33.62
1,0,33,1,1,0,0,0,0,1,0,0,0,0,3,0,0,0,1,1,1,1,1,0,0,0,0,0,0,1,1,0,0,1,0,0,68.86,63.39,26.56
1,1,43,1,0,1,0,0,0,0,1,0,0,0,13,1,0,0,0,0,0,0,0,0,0,1,1,1,0,1,1,0,0,0,0,0,89.33,66.03,29.21
0,1,32,1,0,0,0,1,0,1,0,0,0,0,3,1,0,0,0,0,0,1,1,0,0,0,0,0,0,1,1,0,0,0,0,0,70.44,59.53,22.61
1,0,54,0,1,0,0,0,0,0,0,1,0,0,15,0,1,0,0,1,1,0,0,0,0,1,0,0,0,1,1,0,1,0,0,0,71.61,84.77,24.71
1,0,35,1,1,0,0,0,0,0,0,1,0,0,13,1,1,0,1,0,0,0,0,0,0,1,1,0,1,0,1,1,0,0,0,0,88.89,93.83,36.33
0,0,37,1,1,0,0,0,0,0,0,0,1,0,13,1,0,0,0,0,1,0,0,0,0,0,1,0,0,0,1,0,0,0,0,0,78.05,70.19,20.48
1,1,63,0,1,0,0,0,0,1,0,0,0,0,18,0,1,0,0,0,0,1,0,0,0,0,1,0,1,0,1,0,0,0,0,0,40.56,59.85,18.74
1,0,27,1,0,0,0,1,0,1,0,0,0,0,0,0,1,1,0,0,0,0,0,0,0,1,1,1,1,1,1,0,0,0,0,0,69.05,73.93,30.77
1,0,30,1,0,0,0,1,0,0,0,0,1,0,0,0,0,0,1,0,1,0,1,0,0,0,1,0,0,0,1,0,1,0,1,0,87.27,75.03,31.21
1,0,31,1,0,0,0,1,0,1,0,0,0,0,1,0,1,1,0,0,0,0,0,0,0,0,0,0,0,1,1,0,0,0,0,0,77.88,68.06,28.42
1,1,31,1,1,0,0,0,0,0,0,0,1,0,8,0,1,1,1,1,0,0,0,0,0,1,0,1,0,0,1,0,0,0,0,0,67.3,63.81,30.72
1,0,38,1,0,1,0,0,0,0,0,0,0,1,5,0,0,0,1,0,0,0,0,1,1,0,0,0,1,1,1,0,0,1,1,0,83.07,63.3,24.12
0,1,45,1,0,0,0,1,0,0,0,1,0,0,15,0,1,0,1,0,0,0,1,0,1,1,0,0,0,1,1,1,0,1,0,0,75.29,95.77,34.71
1,1,27,1,0,0,0,1,0,0,0,0,1,0,5,0,1,1,0,0,1,0,1,1,0,1,0,0,0,0,1,0,0,0,0,0,42.58,61.95,29.98
1,1,44,1,0,0,1,0,0,0,0,1,0,0,13,1,0,0,0,0,0,1,0,0,0,0,0,1,0,1,1,0,0,1,1,0,78.66,90.71,39.08
1,1,28,1,1,0,0,0,0,0,0,1,0,0,8,0,1,0,1,1,0,0,0,1,0,0,0,0,0,1,1,0,0,0,0,0,100,81.24,37.7
1,0,60,0,0,0,0,1,0,0,0,1,0,0,22,1,1,0,1,0,0,0,0,0,0,0,1,1,1,0,1,1,0,0,0,0,78.46,80.73,23.09
1,0,42,1,1,0,0,0,1,0,0,0,0,0,9,1,1,1,0,0,0,0,0,0,0,0,1,0,0,0,1,1,1,0,0,0,79.89,70.04,26.82
1,0,29,1,1,0,0,0,1,0,0,0,0,0,3,0,1,1,0,1,1,0,0,0,0,0,1,0,0,0,1,1,0,0,0,1,82,74.65,31.06
1,1,27,1,1,0,0,0,0,1,0,0,0,0,2,0,1,0,0,0,0,0,1,0,1,1,1,0,0,0,1,0,0,0,0,1,58.66,58.55,28.62
1,1,40,1,0,0,0,1,0,0,0,0,1,0,10,0,1,1,0,1,1,0,0,0,0,0,0,0,0,0,1,1,1,0,0,0,69.64,74.64,32.66
1,1,33,1,1,0,0,0,0,1,0,0,0,0,12,1,0,0,1,0,0,0,1,0,0,0,0,0,0,0,1,0,0,0,1,0,81.72,81.14,37.66
0,1,54,0,0,0,1,0,0,0,0,1,0,0,12,0,0,0,1,0,1,1,0,0,0,0,1,0,0,0,1,0,0,1,0,0,81.93,107.96,31.59
0,0,23,1,0,0,0,1,0,1,0,0,0,0,0,0,1,1,1,0,0,0,0,0,0,0,0,1,0,0,1,1,0,0,1,0,75.4,73.51,24.2
0,1,36,1,0,0,0,1,0,0,0,1,0,0,11,1,1,0,0,0,1,0,1,1,0,0,0,0,0,0,1,0,0,0,0,0,55.6,65.07,22.43
0,1,26,1,0,1,0,0,0,0,0,0,0,1,4,0,0,0,1,0,1,0,1,1,1,0,1,0,0,0,1,0,0,0,0,0,84.28,61.31,23.33
0,1,22,1,0,0,0,1,0,1,0,0,0,0,0,1,0,0,0,0,1,0,0,0,0,1,1,0,1,0,1,0,0,0,0,0,78.99,69.05,26.42
0,1,34,1,1,0,0,0,1,0,0,0,0,0,6,0,0,0,1,0,0,0,0,1,0,0,0,0,0,1,1,0,0,0,1,0,54.84,42.3,15.72
0,0,35,1,1,0,0,0,0,1,0,0,0,0,5,0,0,0,1,0,0,0,0,1,0,0,0,0,0,1,1,0,0,1,0,0,86.86,56.33,14.93
1,1,64,0,0,1,0,0,0,0,0,0,0,1,28,1,1,1,0,0,0,1,0,0,1,0,0,0,1,0,1,0,0,0,0,0,52.11,61.96,19.58
1,1,59,0,1,0,0,0,0,0,0,0,1,0,22,0,1,0,1,1,1,0,1,0,0,0,0,0,0,0,1,0,0,0,0,0,83.77,97.26,33.7
0,1,24,1,0,0,0,1,0,1,0,0,0,0,0,0,1,1,0,0,0,0,1,0,0,0,0,0,1,0,1,0,0,0,1,0,96.17,74.03,28.41
1,1,36,1,1,0,0,0,0,0,0,1,0,0,11,0,1,1,0,1,0,0,1,0,0,0,1,0,0,1,1,1,0,1,0,0,68.69,54.78,24.71
0,1,38,1,0,0,0,1,0,1,0,0,0,0,10,1,0,0,0,0,1,1,0,1,0,0,0,0,0,0,1,0,0,1,0,1,60.72,79.7,28.28
1,1,24,1,0,1,0,0,0,0,1,0,0,0,2,0,1,1,0,0,0,0,1,0,0,0,0,0,0,1,1,0,0,0,0,0,67.69,43.96,22.78
1,1,22,1,1,0,0,0,0,0,0,1,0,0,0,0,0,0,0,0,1,1,0,0,0,1,0,0,1,0,1,1,0,1,0,0,93.26,76.03,35.61
1,1,23,1,1,0,0,0,0,0,0,1,0,0,0,1,1,1,0,0,1,0,0,0,0,0,0,1,0,1,1,1,0,0,0,0,81.93,73.64,34.65
0,0,24,1,1,0,0,0,0,0,0,0,1,0,0,1,1,1,0,0,1,1,0,0,0,1,0,0,1,0,1,0,0,0,0,0,66.02,59.29,18.52
0,1,49,1,1,0,0,0,1,0,0,0,0,0,18,1,1,1,0,0,0,0,0,0,1,1,1,0,0,1,1,0,0,0,0,0,52.45,78.27,27.71
1,0,45,1,1,0,0,0,0,0,0,0,1,0,9,1,1,1,0,1,0,1,0,0,0,0,1,0,0,0,1,0,0,0,0,0,91.23,87.57,33.83
0,0,45,1,0,0,0,1,0,0,0,0,1,0,17,0,0,0,0,0,0,1,0,0,0,0,1,1,0,0,1,0,0,0,1,0,65.74,72.87,21.55
0,0,43,1,0,0,0,1,0,0,0,0,1,0,8,1,1,1,0,1,1,1,0,0,0,0,0,0,0,0,1,1,1,0,0,0,84.5,83.08,25.63
1,1,49,1,0,0,0,1,0,0,0,1,0,0,15,0,1,1,1,0,0,0,0,0,1,0,0,1,0,0,1,0,0,0,0,0,73.93,73.62,32.25
0,0,57,0,0,1,0,0,0,0,0,0,0,1,19,0,0,0,0,0,0,1,0,0,1,0,0,1,1,0,1,0,1,0,0,0,100,80.57,16.63
1,0,37,1,1,0,0,0,1,0,0,0,0,0,7,0,0,0,0,0,1,0,0,0,0,0,1,0,0,1,1,0,1,0,0,1,62.06,66.12,25.25
0,1,44,1,1,0,0,0,1,0,0,0,0,0,11,1,1,0,0,0,0,0,1,0,0,0,0,0,1,0,1,0,0,0,0,0,76.05,66.55,23.02
1,1,44,1,1,0,0,0,0,0,0,0,1,0,10,0,0,0,1,0,1,0,0,0,1,0,0,0,0,0,1,0,0,0,0,0,98.01,73.57,32.23
1,1,27,1,0,0,1,0,0,1,0,0,0,0,0,0,1,1,0,0,0,0,0,0,1,0,1,0,0,0,1,0,0,0,0,0,95.81,92.29,42.11
1,1,47,1,0,1,0,0,0,0,1,0,0,0,11,0,0,0,0,0,1,0,0,0,0,1,1,0,0,0,1,0,0,0,0,1,60.64,58.74,26.3
1,1,53,0,0,1,0,0,0,0,1,0,0,0,18,0,1,1,0,0,0,1,0,0,0,1,1,0,0,0,1,0,0,1,0,0,97.7,74.56,24.62
1,1,24,1,1,0,0,0,0,0,0,1,0,0,0,0,0,0,0,1,0,1,0,0,0,0,1,1,0,0,1,0,1,0,0,0,53.26,43.09,22.44
0,0,24,1,0,1,0,0,0,0,0,0,0,1,0,0,0,0,0,0,1,0,0,0,1,0,0,1,0,1,1,0,0,0,0,0,73.75,50.92,15.17
1,0,45,1,1,0,0,0,0,0,0,0,1,0,17,0,1,0,1,0,1,0,0,0,0,0,1,0,0,0,1,0,0,1,0,0,57.78,75.3,28.92
1,0,55,0,0,0,1,0,0,0,0,1,0,0,25,1,1,0,1,1,1,0,0,0,0,0,0,1,0,0,1,1,0,0,0,0,71.78,97.01,29.61
0,0,33,1,0,1,0,0,0,0,1,0,0,0,0,0,1,1,0,0,0,1,1,0,0,0,1,0,1,1,1,0,0,0,0,1,82.71,63.3,20.12
0,1,41,1,0,0,1,0,0,1,0,0,0,0,11,1,1,0,0,0,0,0,1,0,0,0,0,1,0,0,1,1,0,0,0,0,62.03,82.99,29.6
0,1,27,1,1,0,0,0,0,1,0,0,0,0,7,0,1,1,0,0,0,1,0,0,0,0,1,0,0,1,1,1,0,1,0,0,95.72,73.14,28.05
1,1,65,0,0,0,0,1,0,0,0,0,1,0,28,1,1,1,0,0,0,1,0,0,1,0,0,0,0,0,1,0,0,0,0,0,64.52,70.82,23.13
1,1,40,1,1,0,0,0,0,0,0,0,1,0,8,0,1,0,1,1,0,0,0,0,0,1,0,0,1,0,1,0,0,0,0,0,78.59,74.71,32.69
1,1,41,1,0,0,0,1,0,0,0,1,0,0,13,1,0,0,0,0,1,1,0,0,0,0,0,0,0,1,1,0,0,0,0,0,77.32,96.59,41.43
1,0,39,1,1,0,0,0,0,0,0,1,0,0,7,1,1,1,1,0,0,0,0,0,0,0,0,0,0,0,1,1,0,1,0,0,54.28,60.76,23.1
1,0,29,1,0,0,0,1,0,0,0,1,0,0,7,0,1,0,0,1,0,0,1,1,0,1,0,0,1,0,1,0,1,0,0,0,50.77,52.46,22.18
0,1,40,1,1,0,0,0,0,0,0,1,0,0,9,1,0,0,1,1,0,0,1,0,0,0,0,1,1,0,1,0,0,0,0,1,74.32,74.95,26.38
1,0,22,1,0,0,0,1,0,1,0,0,0,0,0,0,0,0,1,0,0,1,0,1,1,0,0,1,0,0,1,1,0,0,1,0,100,75.85,31.54
1,1,30,1,1,0,0,0,0,0,0,0,1,0,7,0,1,0,0,1,0,1,1,0,0,0,0,0,0,0,1,1,1,0,0,0,80.1,74.76,35.1
1,1,23,1,1,0,0,0,0,0,0,1,0,0,3,1,1,1,1,0,0,0,0,0,0,0,0,1,0,0,1,1,0,0,0,0,42.83,53.64,26.65
0,0,32,1,0,0,1,0,0,1,0,0,0,0,5,0,1,0,0,0,1,0,0,0,0,0,1,1,1,0,1,0,0,0,0,1,79.92,87.65,29.86
0,1,28,1,1,0,0,0,1,0,0,0,0,0,0,1,0,0,0,0,0,0,0,0,1,1,1,0,1,1,1,1,0,0,1,0,53.99,54.66,20.66
0,0,63,0,0,0,0,1,0,0,0,0,1,0,32,0,1,0,0,0,0,0,0,0,1,0,0,0,0,1,1,0,0,0,0,0,58.04,76.66,15.06
0,1,34,1,1,0,0,0,1,0,0,0,0,0,3,0,0,0,0,1,0,1,1,0,1,1,0,1,0,0,1,1,0,0,0,0,76.68,81.31,31.33
1,1,24,1,0,0,0,1,0,1,0,0,0,0,0,1,0,0,1,0,1,1,0,0,0,0,1,0,0,1,1,0,0,1,1,0,56.12,64.52,31.01
0,1,27,1,1,0,0,0,1,0,0,0,0,0,1,0,0,0,0,1,0,0,1,0,0,1,1,0,1,0,1,0,0,0,0,0,63.95,50.64,19.05
0,0,25,1,1,0,0,0,0,0,0,0,1,0,5,0,0,0,0,1,0,1,0,0,1,1,1,0,0,0,1,0,0,0,0,0,80.84,61.18,19.27
1,0,38,1,1,0,0,0,0,0,0,0,1,0,11,1,1,1,0,0,1,0,0,1,0,0,0,1,1,0,1,0,0,0,0,0,78.78,69.06,26.43
1,1,39,1,1,0,0,0,0,0,0,1,0,0,13,0,1,1,1,0,0,0,0,0,0,0,0,0,1,0,1,0,0,0,0,0,71.48,71.57,31.43
1,0,25,1,1,0,0,0,0,1,0,0,0,0,0,0,0,0,1,1,1,0,1,0,0,0,1,0,0,0,1,1,0,0,1,0,100,84.67,35.07
1,1,45,1,1,0,0,0,1,0,0,0,0,0,15,0,1,1,0,0,0,0,1,1,1,0,0,0,1,1,1,0,0,1,0,0,80.84,83.2,36.08
0,1,24,1,0,0,0,1,0,0,0,1,0,0,4,1,1,1,0,0,0,1,0,0,0,0,0,0,0,0,1,0,1,0,0,1,73.65,78.63,30.25
1,0,57,0,1,0,0,0,1,0,0,0,0,0,24,1,0,0,0,0,0,0,1,1,0,1,0,1,1,0,1,0,0,0,0,0,41.3,59.98,14.79
0,1,55,0,1,0,0,0,0,0,0,1,0,0,20,0,0,0,0,1,0,0,0,0,1,1,1,1,0,0,1,0,0,0,1,0,58.83,67.46,15.39
1,1,28,1,1,0,0,0,1,0,0,0,0,0,7,0,0,0,0,1,0,0,1,1,0,1,0,0,0,0,1,1,0,0,1,0,94.12,82.22,38.09
1,0,35,1,1,0,0,0,1,0,0,0,0,0,3,0,1,0,0,0,1,0,1,0,0,1,0,0,1,0,1,0,0,1,0,0,95.95,77.34,29.74
0,0,26,1,0,0,0,1,0,1,0,0,0,0,6,1,0,0,1,0,0,0,0,1,0,0,0,1,0,0,1,0,0,1,1,0,85.47,79.12,26.45
0,0,45,1,1,0,0,0,0,0,0,0,1,0,11,1,0,0,0,1,0,1,0,0,0,0,0,1,1,0,1,0,1,0,0,1,86.76,82.48,25.39
0,1,40,1,0,0,0,1,0,0,0,0,1,0,7,0,1,1,0,1,1,0,0,1,0,1,0,0,0,1,1,0,1,0,0,1,65.22,65.78,22.71
1,0,39,1,1,0,0,0,0,0,0,1,0,0,7,0,1,1,0,0,0,0,0,1,0,1,1,1,0,0,1,1,0,0,0,0,78.33,68.32,26.13
0,0,38,1,1,0,0,0,1,0,0,0,0,0,5,0,0,0,0,1,1,0,0,0,1,0,1,1,1,0,1,1,0,0,0,0,88.35,76.38,22.95
1,1,42,1,1,0,0,0,0,0,0,0,1,0,14,0,1,0,0,0,0,1,0,1,0,1,0,0,0,0,1,0,0,1,1,0,52.11,70.94,31.18
0,0,35,1,1,0,0,0,0,0,0,1,0,0,8,0,1,1,0,0,1,1,1,0,1,0,0,0,0,0,1,1,1,0,0,0,66.92,61.14,16.86
1,1,65,0,1,0,0,0,1,0,0,0,0,0,17,1,0,0,0,1,0,0,1,0,0,0,0,0,0,0,1,0,0,0,0,0,66.93,70.9,23.16
1,0,55,0,1,0,0,0,0,0,0,0,1,0,21,0,1,1,0,0,0,1,0,0,1,0,0,0,0,0,1,0,0,0,1,1,79.74,81.39,23.36
1,0,28,1,0,0,0,1,0,1,0,0,0,0,0,0,0,0,1,0,0,0,0,1,0,0,1,0,0,0,1,1,0,0,0,0,80.53,72.76,30.31
1,1,27,1,0,1,0,0,0,0,0,0,0,1,2,0,0,0,1,0,0,0,0,0,0,1,1,0,0,0,1,0,0,0,0,0,72.98,52.16,26.07
0,1,33,1,0,0,0,1,0,1,0,0,0,0,12,0,0,0,0,0,0,1,0,1,1,0,0,0,0,0,1,0,1,0,0,0,95.02,96.2,37.28
0,0,36,1,1,0,0,0,1,0,0,0,0,0,9,0,0,0,0,0,1,1,0,1,1,0,1,0,1,0,1,0,1,1,0,0,90.68,83.01,25.61
1,0,29,1,1,0,0,0,0,0,0,1,0,0,4,1,1,1,1,0,0,0,0,0,0,0,1,1,1,0,1,1,1,0,0,0,85.55,76.07,31.63
1,0,23,1,0,0,0,1,0,0,0,1,0,0,3,1,0,0,0,0,0,0,0,1,1,0,0,1,0,1,1,0,0,0,0,0,88.28,73.09,30.43
0,0,32,1,0,0,1,0,0,1,0,0,0,0,6,0,0,0,0,0,0,1,1,0,0,0,0,0,0,1,1,0,0,0,0,0,75.02,70.75,23.1
0,0,30,1,1,0,0,0,0,0,0,1,0,0,9,1,0,0,0,0,0,0,0,0,0,1,1,0,1,0,1,0,0,0,1,0,100,86.8,29.52
0,0,32,1,0,1,0,0,0,0,1,0,0,0,2,0,1,0,0,0,0,1,0,1,0,0,0,0,1,0,1,1,0,0,0,1,82.85,68.83,22.33
0,0,59,0,1,0,0,0,0,0,0,0,1,0,12,0,0,0,1,1,0,0,0,0,1,0,0,1,0,0,1,0,1,1,0,0,70.55,73.83,13.93
0,0,46,1,1,0,0,0,0,0,0,1,0,0,9,0,0,0,1,0,0,0,1,1,0,0,0,0,0,0,1,0,0,1,1,0,62.89,63.41,17.76
0,0,38,1,1,0,0,0,0,1,0,0,0,0,12,0,0,0,0,0,0,0,0,0,1,1,0,0,1,0,1,0,1,0,0,0,62.94,76.88,23.15
1,0,36,1,0,0,1,0,0,1,0,0,0,0,5,0,0,0,1,1,0,0,1,0,0,1,1,0,0,0,1,1,0,0,0,0,92.89,91.84,35.54
1,1,53,0,0,0,0,1,0,0,0,1,0,0,17,0,1,0,0,0,1,1,0,0,0,1,0,1,0,0,1,0,0,0,0,0,63.8,79.8,26.72
1,1,34,1,0,0,1,0,0,1,0,0,0,0,1,0,0,0,0,0,1,0,1,0,1,0,0,0,0,1,1,1,0,0,0,0,49.47,62.76,30.3
1,1,27,1,0,1,0,0,0,0,0,0,0,1,0,0,0,0,0,1,0,1,1,0,0,0,1,0,1,1,1,1,1,0,0,0,55.56,43.6,22.64
0,1,24,1,0,0,0,1,0,1,0,0,0,0,1,0,0,0,0,0,0,0,1,0,1,1,0,1,1,1,1,0,0,0,0,0,46.23,59.8,22.72
0,1,44,1,1,0,0,0,0,1,0,0,0,0,14,0,1,0,0,0,0,1,1,0,0,0,0,0,0,1,1,1,0,0,0,0,59.94,72.01,25.2
1,1,36,1,0,1,0,0,0,0,0,0,0,1,1,0,0,0,0,0,1,0,0,1,0,1,0,0,1,0,1,1,0,0,0,1,57.21,26.62,13.45
1,0,41,1,0,0,0,1,0,0,0,1,0,0,12,0,1,1,0,0,0,1,0,0,0,1,0,0,1,1,1,1,0,0,0,1,46.08,69.41,26.56
1,0,35,1,1,0,0,0,0,0,0,0,1,0,11,0,1,1,1,0,1,0,1,0,0,0,0,0,1,0,1,0,0,1,0,0,68.63,81.12,31.25
1,1,35,1,0,0,0,1,0,0,0,0,1,0,6,0,1,0,1,0,0,1,1,0,0,1,0,0,1,0,1,1,0,0,1,0,70.5,90.91,39.16
0,1,48,1,1,0,0,0,1,0,0,0,0,0,22,0,0,0,0,0,0,0,1,0,0,1,1,0,0,0,1,0,0,0,0,0,61.62,71.19,24.88
1,1,23,1,1,0,0,0,0,1,0,0,0,0,0,0,1,0,0,0,0,0,0,0,0,0,0,1,1,0,1,0,0,1,0,1,87.5,58.54,28.61
0,1,30,1,1,0,0,0,0,0,0,0,1,0,5,1,0,0,1,0,1,0,1,0,0,0,0,0,1,0,1,0,0,0,0,1,81.02,72.96,27.98
0,1,34,1,0,0,0,1,0,0,0,0,1,0,3,0,1,0,0,0,0,0,1,0,0,1,1,1,0,0,1,0,0,0,0,0,61.7,68.39,26.16
1,1,22,1,0,1,0,0,0,0,1,0,0,0,2,1,1,1,0,0,0,0,1,0,0,0,1,0,0,0,1,0,0,0,0,0,87.44,60.03,29.21
1,1,33,1,0,0,1,0,0,0,0,1,0,0,0,0,1,0,1,0,0,1,0,0,0,0,0,0,0,1,1,0,1,0,0,0,43.19,55.08,27.23
1,0,60,0,0,0,0,1,0,1,0,0,0,0,24,0,0,0,0,0,0,0,1,0,0,0,0,1,1,0,1,0,1,0,0,1,92.57,91.74,27.49
1,1,29,1,1,0,0,0,0,1,0,0,0,0,7,0,1,1,0,0,0,0,1,1,1,0,0,0,1,1,1,0,0,0,0,0,78.23,79.67,37.07
1,0,33,1,0,0,0,1,0,0,0,1,0,0,13,0,0,0,1,0,0,1,0,1,1,0,0,0,1,0,1,0,0,0,1,0,51.7,71.95,29.98
0,1,40,1,1,0,0,0,0,0,0,1,0,0,9,0,0,0,0,0,0,1,0,0,1,0,1,1,0,0,1,0,0,1,0,1,58.05,60.82,20.73
1,0,33,1,0,0,0,1,0,1,0,0,0,0,11,0,0,0,0,1,0,0,0,0,1,1,1,0,0,0,1,0,1,0,0,0,86.14,88.88,36.75
1,1,46,1,1,0,0,0,1,0,0,0,0,0,11,0,0,0,0,0,1,0,0,1,0,0,0,1,0,0,1,0,0,0,0,1,86.18,73.67,32.27
0,0,31,1,1,0,0,0,1,0,0,0,0,0,5,1,1,0,0,0,0,1,0,1,0,0,0,1,1,0,1,0,0,0,0,0,57.42,69.26,22.5
0,0,35,1,1,0,0,0,0,0,0,1,0,0,11,0,1,1,0,1,0,0,0,0,0,1,0,1,0,1,1,0,1,0,0,0,97.09,80.56,24.62
1,1,48,1,0,0,1,0,0,1,0,0,0,0,14,0,0,0,0,0,1,0,1,0,0,0,0,0,1,0,1,0,0,0,0,0,67.97,78.15,34.06
1,1,31,1,1,0,0,0,0,0,0,1,0,0,5,1,0,0,1,1,0,0,0,1,0,0,1,1,0,0,1,0,0,0,1,0,30.13,48.56,24.63
0,0,41,1,0,0,1,0,0,1,0,0,0,0,4,0,0,0,1,1,0,0,0,0,0,0,1,0,0,0,1,0,1,0,1,0,83.49,89.96,28.39
1,1,49,1,1,0,0,0,0,0,0,1,0,0,19,0,1,1,0,1,0,0,1,0,0,1,0,0,0,0,1,0,0,0,0,0,71.45,84.74,36.7
1,1,24,1,1,0,0,0,0,1,0,0,0,0,0,1,1,1,0,1,0,1,0,1,0,0,0,1,0,0,1,0,0,0,0,0,78.44,81,37.6
1,1,44,1,1,0,0,0,1,0,0,0,0,0,16,1,1,1,0,0,1,0,0,0,1,0,1,0,1,0,1,0,0,0,0,0,76.59,90.82,39.13
0,0,47,1,0,0,0,1,0,0,0,1,0,0,11,0,1,0,0,0,1,0,0,1,0,0,1,1,0,0,1,0,0,0,0,0,71.75,86.86,27.14
1,0,37,1,0,1,0,0,0,0,0,0,0,1,4,0,1,0,1,0,1,1,0,1,0,0,0,0,0,1,1,0,0,0,0,0,100,82.18,31.67
0,0,32,1,1,0,0,0,1,0,0,0,0,0,8,0,0,0,1,0,0,0,1,1,1,0,0,1,0,0,1,1,0,0,0,1,48.84,64.48,20.59
0,0,32,1,0,0,1,0,0,1,0,0,0,0,0,1,0,0,0,0,1,1,0,0,0,1,0,0,0,0,1,0,0,0,0,0,62.09,66.63,21.45
0,1,41,1,1,0,0,0,1,0,0,0,0,0,18,0,0,0,0,0,0,0,0,1,0,0,0,1,0,1,1,0,0,0,0,1,81.44,81.37,28.95
1,1,47,1,1,0,0,0,0,0,0,0,1,0,8,0,0,0,1,1,0,0,0,0,0,1,0,0,0,0,1,0,0,0,0,1,32.52,43.37,20.15
0,0,23,1,1,0,0,0,0,1,0,0,0,0,2,0,0,0,1,0,0,0,0,0,0,1,0,0,1,0,1,0,0,0,0,0,81.16,63.43,20.17
0,0,48,1,0,1,0,0,0,0,0,0,0,1,5,0,0,0,0,0,0,0,0,1,0,0,1,1,1,0,1,1,0,0,0,0,65.13,56.18,14.87
1,0,33,1,1,0,0,0,0,1,0,0,0,0,2,1,1,0,0,0,1,0,0,0,0,0,1,1,0,1,1,0,0,0,0,0,79,62.69,26.28
0,1,34,1,1,0,0,0,0,1,0,0,0,0,11,0,0,0,0,1,0,1,0,0,0,0,0,1,0,1,1,0,0,0,1,0,69.96,77.08,29.63
1,1,28,1,1,0,0,0,0,0,0,0,1,0,8,1,0,0,0,0,0,0,0,1,0,1,0,0,0,0,1,1,0,0,0,1,92.36,85.2,39.28
1,1,34,1,0,0,0,1,0,0,0,0,1,0,6,0,1,0,0,0,1,0,0,1,0,0,0,0,0,0,1,0,0,1,0,0,67.06,55.01,27.2
0,0,31,1,0,0,0,1,0,0,0,1,0,0,6,1,1,1,0,0,0,1,1,0,0,1,0,0,1,0,1,0,1,0,0,1,95.56,100.14,34.85
0,0,46,1,1,0,0,0,1,0,0,0,0,0,17,0,0,0,0,1,0,0,0,0,0,1,1,1,0,0,1,1,0,1,0,0,83.3,83.61,25.84
0,1,30,1,0,0,1,0,0,1,0,0,0,0,3,1,0,0,0,0,0,0,0,0,1,0,0,0,1,0,1,0,0,0,0,1,84.82,78.98,30.39
1,1,43,1,1,0,0,0,0,0,0,1,0,0,12,0,1,1,1,0,0,1,0,1,0,1,0,0,0,0,1,0,0,0,0,0,81.29,71.57,31.43
0,0,24,1,0,0,0,1,0,1,0,0,0,0,4,0,1,1,0,0,0,0,0,0,0,1,0,1,0,0,1,1,0,0,1,0,76.1,71.35,23.34
0,1,52,0,1,0,0,0,1,0,0,0,0,0,12,0,0,0,1,0,0,0,0,0,1,0,1,0,0,0,1,0,0,1,0,0,83.59,78.87,19.95
1,1,27,1,0,0,0,1,0,1,0,0,0,0,0,0,1,0,1,0,1,0,1,0,1,0,0,0,0,0,1,0,0,1,0,0,62.39,64.28,30.91
0,0,31,1,1,0,0,0,0,0,0,1,0,0,7,1,1,1,0,0,1,1,0,0,0,0,0,1,0,0,1,0,1,0,0,0,69.63,67.12,21.65
1,0,34,1,0,1,0,0,0,0,1,0,0,0,10,0,1,1,0,0,1,0,1,0,0,1,1,0,0,0,1,0,0,0,1,0,72.26,64.27,26.91
1,1,40,1,1,0,0,0,0,1,0,0,0,0,10,0,1,0,0,1,0,0,0,0,1,1,0,0,0,0,1,0,0,0,0,0,81.65,84.35,36.54
0,1,49,1,0,1,0,0,0,0,1,0,0,0,12,1,1,0,0,0,0,0,0,0,0,0,1,0,0,0,1,1,0,0,1,0,93.15,70.67,24.67
1,1,47,1,0,0,1,0,0,1,0,0,0,0,14,0,1,1,0,0,0,0,1,1,0,1,0,0,0,1,1,0,0,0,1,0,61.55,96.23,41.29
1,0,25,1,1,0,0,0,0,0,0,1,0,0,0,0,1,0,0,0,1,1,0,1,0,0,0,0,1,1,1,0,0,0,0,0,46.02,44.8,19.12
1,1,45,1,0,0,0,1,0,0,0,0,1,0,11,0,1,1,0,0,0,0,1,0,1,0,0,0,1,0,1,0,1,0,1,0,81.84,79.1,34.44
1,0,27,1,0,1,0,0,0,0,1,0,0,0,0,0,1,0,1,1,1,0,0,0,0,0,0,0,0,0,1,0,0,0,0,0,98.52,53.96,22.78
0,1,56,0,0,0,0,1,0,0,0,1,0,0,16,1,0,0,0,0,1,0,1,0,0,1,0,1,0,1,1,0,0,0,0,0,63.71,71.44,16.97
0,0,46,1,1,0,0,0,1,0,0,0,0,0,12,0,0,0,0,0,1,1,0,0,0,1,0,0,0,1,1,1,0,1,0,0,82.23,72.09,21.23
0,1,28,1,0,0,1,0,0,0,0,1,0,0,7,0,0,0,0,0,1,0,1,0,0,0,1,0,1,1,1,1,1,0,0,0,100,93.62,36.25
0,1,29,1,1,0,0,0,0,1,0,0,0,0,7,0,1,1,1,0,1,0,0,0,0,0,0,1,1,0,1,1,1,0,0,0,92.17,83.55,32.22
0,0,41,1,1,0,0,0,0,0,0,0,1,0,7,0,1,1,1,0,0,1,1,0,1,1,0,0,0,0,1,0,0,0,0,0,64.85,59.15,16.06
1,1,57,0,0,0,0,1,0,0,0,0,1,0,24,1,1,1,0,0,0,0,0,1,0,1,0,0,0,0,1,1,1,0,0,0,68.2,88.6,30.24
1,0,37,1,1,0,0,0,0,0,0,0,1,0,2,0,0,0,0,0,0,0,0,0,0,0,1,0,1,1,1,1,0,1,0,0,67.13,50.48,18.99
1,0,38,1,1,0,0,0,0,0,0,0,1,0,12,0,0,0,1,0,0,1,0,0,1,0,0,0,1,0,1,0,0,0,0,0,91.09,81.75,31.5
0,1,47,1,0,0,1,0,0,0,0,1,0,0,13,0,0,0,0,0,1,0,1,0,0,1,1,0,0,0,1,1,0,0,0,1,44.61,68.61,23.84
1,1,38,1,0,0,1,0,0,1,0,0,0,0,17,1,0,0,1,0,0,0,0,1,0,0,0,0,0,0,1,0,1,0,1,0,99.33,120.31,50.92
1,1,44,1,1,0,0,0,0,0,0,0,1,0,12,0,0,0,0,0,0,0,0,1,0,0,0,1,0,1,1,1,0,0,0,1,86.58,80.64,35.06
1,0,65,0,0,0,0,1,0,0,0,0,1,0,22,0,0,0,0,0,0,0,0,0,0,1,0,1,0,1,1,0,0,0,1,1,92.73,99.77,30.71
1,1,27,1,1,0,0,0,0,0,0,0,1,0,7,0,0,0,0,0,0,1,1,0,0,0,0,1,0,1,1,0,0,0,0,1,96.55,74.69,35.08
1,0,47,1,1,0,0,0,0,0,0,0,1,0,15,0,0,0,1,1,0,0,1,0,0,0,0,1,0,0,1,0,0,0,0,0,63.6,72.67,27.87
0,0,26,1,0,1,0,0,0,0,1,0,0,0,0,1,0,0,1,0,0,0,0,0,0,0,1,1,1,0,1,1,0,0,0,1,95.33,72.76,23.9
1,0,30,1,1,0,0,0,0,0,0,1,0,0,5,0,1,1,0,0,1,1,0,0,0,0,0,0,0,1,1,0,0,1,0,1,96.27,66.11,27.65
1,1,26,1,0,1,0,0,0,0,1,0,0,0,6,0,0,0,1,0,0,1,0,0,0,1,0,1,1,0,1,0,0,0,1,1,37.68,54.87,27.15
1,1,37,1,0,0,0,1,0,0,0,0,1,0,10,0,1,1,0,1,1,1,0,0,1,0,0,0,0,1,1,1,1,0,0,0,63.12,73.96,32.38
1,0,42,1,0,0,0,1,0,1,0,0,0,0,14,1,0,0,0,0,1,0,0,1,1,0,0,1,0,1,1,0,0,0,0,0,80.42,106.08,41.23
1,1,28,1,1,0,0,0,0,1,0,0,0,0,3,0,1,0,0,0,0,1,1,0,1,0,0,0,0,0,1,0,0,0,0,0,90.68,75.2,35.28
1,0,26,1,1,0,0,0,0,1,0,0,0,0,6,0,0,0,0,0,0,1,0,0,0,0,1,0,1,0,1,0,0,1,0,1,100,81.77,33.91
1,0,46,1,0,1,0,0,0,0,0,0,0,1,10,1,0,0,1,1,0,0,1,1,0,1,0,0,0,0,1,0,0,0,0,0,100,77.09,29.64
1,0,51,0,0,0,0,1,0,0,0,0,1,0,23,1,1,1,0,0,0,0,0,0,1,1,0,0,0,0,1,0,1,0,0,0,83.61,98.57,30.23
1,0,45,1,1,0,0,0,0,1,0,0,0,0,8,0,0,0,0,0,1,1,0,0,0,1,0,1,1,0,1,0,0,0,0,1,69.39,70.58,27.03
0,1,38,1,1,0,0,0,0,1,0,0,0,0,8,0,0,0,0,1,0,0,0,1,0,0,1,0,0,0,1,0,0,1,0,1,98.86,87.52,31.41
1,0,61,0,1,0,0,0,0,0,0,1,0,0,22,1,1,1,0,1,0,1,0,0,1,0,0,0,0,1,1,0,0,0,0,1,72.28,77.07,21.63
1,0,53,0,1,0,0,0,1,0,0,0,0,0,13,0,1,0,0,1,0,0,0,1,0,0,0,1,1,0,1,0,0,1,1,0,49.69,51.86,11.54
1,0,28,1,0,0,0,1,0,1,0,0,0,0,0,0,0,0,0,0,0,0,1,0,1,1,0,1,1,0,1,0,0,0,0,0,77.59,76,31.6
1,1,42,1,1,0,0,0,0,1,0,0,0,0,5,0,0,0,1,0,1,0,0,0,0,1,0,1,1,1,1,0,0,1,0,0,59.64,63.6,28.24
0,1,30,1,1,0,0,0,1,0,0,0,0,0,0,0,1,0,0,1,0,1,0,0,0,1,0,0,0,0,1,1,0,1,0,0,89.94,68.76,26.3
1,0,43,1,0,1,0,0,0,0,1,0,0,0,16,0,1,1,1,1,0,0,0,0,1,1,0,0,0,0,1,0,0,0,0,0,77.09,58.57,22.23
1,1,42,1,0,1,0,0,0,0,0,0,0,1,8,0,0,0,1,0,0,0,0,0,1,0,0,1,1,1,1,0,1,0,0,0,93.04,73.25,32.1
1,0,47,1,0,0,0,1,0,1,0,0,0,0,15,1,0,0,0,0,0,0,1,1,1,0,0,1,1,0,1,0,0,0,0,1,73.52,94.57,36.63
0,0,40,1,0,0,0,1,0,0,0,1,0,0,0,0,0,0,0,1,0,1,0,1,0,0,0,1,0,0,1,0,0,0,0,0,66.15,69.02,20.01
1,0,34,1,0,1,0,0,0,0,0,0,0,1,10,1,0,0,0,0,1,1,1,1,0,0,0,0,1,0,1,0,1,0,1,0,78.12,59.06,24.82
1,0,36,1,1,0,0,0,1,0,0,0,0,0,6,1,0,0,1,0,0,0,0,0,0,1,0,0,0,0,1,0,0,0,0,1,92.12,67.43,25.77
0,0,36,1,1,0,0,0,1,0,0,0,0,0,10,0,0,0,1,1,0,0,0,1,0,0,0,0,1,0,1,0,0,0,0,1,73.53,88.52,27.81
0,0,27,1,0,1,0,0,0,0,1,0,0,0,6,0,0,0,1,0,1,1,0,0,0,0,1,1,1,0,1,0,0,0,1,0,96.01,76.34,25.33
1,0,24,1,1,0,0,0,0,0,0,1,0,0,0,0,0,0,0,1,0,0,0,0,0,0,1,1,0,0,1,0,0,0,0,0,68.8,50.64,21.45
1,0,43,1,1,0,0,0,0,0,0,1,0,0,7,0,1,1,0,0,0,0,1,0,0,0,1,1,0,0,1,0,0,0,0,0,72.03,67.83,25.93
1,1,37,1,1,0,0,0,0,0,0,1,0,0,9,0,0,0,0,1,0,0,1,1,0,0,0,1,0,1,1,1,0,0,1,0,90.35,82.36,35.74
1,0,36,1,1,0,0,0,0,0,0,1,0,0,3,0,1,0,0,0,0,0,1,0,0,1,0,0,1,1,1,0,0,1,0,1,50.44,56.75,21.5
0,0,61,0,0,1,0,0,0,0,1,0,0,0,27,1,1,0,0,0,1,1,0,0,0,1,0,0,0,0,1,0,1,0,0,1,43.42,67.27,11.31
1,1,34,1,1,0,0,0,1,0,0,0,0,0,12,0,1,0,0,0,0,1,1,0,1,0,1,1,0,0,1,0,0,0,1,0,76.66,82.2,38.08
1,1,32,1,0,1,0,0,0,0,1,0,0,0,7,0,1,0,0,0,0,1,0,0,1,1,0,0,1,1,1,0,0,0,0,0,66.97,63.13,30.45
0,1,27,1,1,0,0,0,1,0,0,0,0,0,7,0,0,0,0,1,0,1,0,0,1,1,1,0,0,0,1,0,0,0,1,0,82.54,70.01,26.8
1,1,34,1,0,0,1,0,0,0,0,1,0,0,9,1,1,1,1,1,0,0,0,0,0,0,0,0,1,1,1,1,1,0,0,0,67,96.21,43.69
1,0,37,1,0,0,0,1,0,1,0,0,0,0,5,0,0,0,0,0,0,0,1,1,0,0,0,0,0,1,1,0,0,0,0,0,77.4,70.9,27.16
1,0,22,1,1,0,0,0,0,1,0,0,0,0,0,0,1,1,0,1,0,0,0,0,1,0,0,0,0,0,1,0,0,0,0,0,99.44,66.09,27.64
1,1,32,1,1,0,0,0,0,0,0,1,0,0,1,0,0,0,0,1,0,0,1,0,0,1,1,0,0,0,1,0,0,0,0,0,57.3,54.59,27.04
1,0,24,1,0,0,0,1,0,1,0,0,0,0,1,0,0,0,0,0,1,0,0,0,0,1,0,0,1,0,1,0,0,0,1,0,72.59,70.51,29.41
0,0,48,1,0,0,0,1,0,0,0,0,1,0,21,0,1,1,0,0,0,0,0,1,1,1,1,0,0,1,1,0,0,0,0,1,71.07,105.26,34.51
1,1,41,1,1,0,0,0,1,0,0,0,0,0,4,0,1,0,1,0,0,0,1,1,0,0,0,0,0,1,1,0,0,1,0,0,74.52,70.71,31.08
1,1,41,1,1,0,0,0,1,0,0,0,0,0,11,1,0,0,0,0,0,0,0,1,0,0,0,1,0,0,1,0,0,0,0,0,83.69,53.02,24.01
1,1,61,0,1,0,0,0,0,1,0,0,0,0,24,1,0,0,0,1,0,1,1,0,0,0,0,1,0,1,1,1,1,0,0,0,88.56,89.47,30.59
0,0,30,1,1,0,0,0,0,0,0,0,1,0,10,0,1,1,1,0,0,1,0,0,0,1,1,0,0,1,1,0,1,0,0,0,65.56,64.26,20.5
1,0,26,1,1,0,0,0,0,0,0,1,0,0,2,0,0,0,0,1,0,0,0,1,0,1,1,0,0,1,1,0,1,0,0,0,55.6,50.35,21.34
0,1,48,1,0,0,0,1,0,1,0,0,0,0,11,0,1,0,0,0,0,0,1,0,1,1,0,1,0,0,1,0,0,0,0,1,73.39,92.22,33.29
0,0,65,0,0,0,1,0,0,1,0,0,0,0,21,1,1,1,0,0,0,0,0,1,0,0,0,0,0,1,1,0,0,0,0,0,90.11,103.24,25.69
1,1,59,0,1,0,0,0,0,0,0,0,1,0,21,0,1,1,1,0,0,0,0,0,0,0,0,0,0,0,1,0,0,0,0,0,58.01,71.93,23.57
0,1,29,1,1,0,0,0,0,0,0,0,1,0,4,0,0,0,0,0,1,0,1,0,0,0,0,1,1,1,1,1,0,1,0,0,76.67,65.62,25.05
0,0,52,0,1,0,0,0,1,0,0,0,0,0,19,0,1,1,1,1,0,0,1,1,0,0,0,0,0,0,1,1,0,0,0,0,80.73,77.01,15.2
1,1,36,1,1,0,0,0,0,0,0,0,1,0,15,1,0,0,1,0,0,0,1,0,0,0,1,0,0,0,1,1,1,0,0,0,60.78,64.43,28.57
1,1,42,1,0,0,1,0,0,0,0,1,0,0,15,1,0,0,0,0,0,0,0,0,0,1,1,0,1,0,1,1,0,0,0,1,95.12,96.76,41.51
0,1,58,0,1,0,0,0,0,0,0,1,0,0,19,1,1,0,1,0,0,0,0,0,0,1,0,0,0,1,1,0,0,0,0,0,72.26,70.1,16.44
1,0,63,0,1,0,0,0,0,0,0,1,0,0,24,1,1,0,1,0,0,1,0,0,1,0,0,0,0,0,1,0,0,0,0,0,66.53,78.82,22.33
0,0,31,1,1,0,0,0,1,0,0,0,0,0,6,0,1,1,1,0,0,0,1,0,0,0,0,0,0,0,1,0,0,0,0,0,100,71.57,23.43
0,1,60,0,1,0,0,0,0,1,0,0,0,0,19,0,1,1,0,0,0,0,0,1,0,1,1,0,0,0,1,0,0,0,0,0,93.05,96.07,26.83
0,1,65,0,0,1,0,0,0,0,1,0,0,0,29,1,0,0,1,0,1,1,0,0,0,0,1,0,0,1,1,0,1,1,0,0,88.08,70.99,16.8
1,1,49,1,1,0,0,0,0,0,0,0,1,0,19,0,0,0,1,0,0,0,1,1,1,0,1,0,0,0,1,0,0,0,0,0,69.74,83.53,36.21
0,0,30,1,0,0,0,1,0,0,0,0,1,0,10,0,1,1,0,1,0,0,0,1,1,0,0,0,1,0,1,0,1,0,1,0,78.97,94.49,32.6
0,1,39,1,0,0,0,1,0,0,0,1,0,0,9,1,1,1,0,0,0,1,0,1,0,1,0,1,0,0,1,0,0,0,0,0,60.33,85.7,30.68
0,1,31,1,0,0,0,1,0,0,0,1,0,0,9,0,0,0,0,0,0,1,0,1,0,1,0,0,0,0,1,0,0,0,0,0,96.79,77.52,29.81
1,0,30,1,0,1,0,0,0,0,0,0,0,1,1,0,1,0,0,0,1,1,0,0,0,1,0,0,0,1,1,0,0,0,0,0,75.36,51.25,21.7
1,1,30,1,1,0,0,0,0,1,0,0,0,0,8,1,1,1,1,0,0,0,0,0,0,0,0,0,1,0,1,0,0,0,0,0,72.63,96.23,43.69
0,1,29,1,0,0,0,1,0,1,0,0,0,0,9,0,0,0,0,1,0,0,1,1,1,1,1,0,0,0,1,0,0,0,0,0,51.7,87.03,33.61
0,1,40,1,1,0,0,0,0,1,0,0,0,0,6,0,1,0,0,0,0,0,1,0,0,1,0,0,1,0,1,1,0,1,0,0,40.26,62.18,21.27
1,0,63,0,1,0,0,0,1,0,0,0,0,0,21,0,1,0,0,1,0,0,0,0,0,0,1,0,0,0,1,0,0,0,0,0,71.57,77.42,21.77
1,1,25,1,0,1,0,0,0,0,0,0,0,1,0,0,0,0,1,0,0,1,0,1,0,0,0,1,0,0,1,0,1,0,0,1,82.82,58.09,28.44
1,0,30,1,1,0,0,0,0,1,0,0,0,0,5,0,0,0,0,0,0,1,1,0,0,1,1,0,0,1,1,0,0,0,0,0,96.83,86.03,35.61
1,0,24,1,0,1,0,0,0,0,1,0,0,0,4,0,1,1,0,0,0,0,1,1,1,1,0,0,0,0,1,0,0,1,0,0,68.28,49.49,20.99
1,0,60,0,0,1,0,0,0,0,1,0,0,0,14,0,0,0,1,0,0,0,0,1,1,0,0,0,1,1,1,0,0,0,0,1,71.81,80.65,23.06
1,0,49,1,1,0,0,0,0,0,0,0,1,0,17,1,0,0,0,1,0,1,0,0,1,0,1,0,1,0,1,0,0,0,0,0,75.26,71.82,27.53
1,1,43,1,1,0,0,0,0,1,0,0,0,0,17,1,0,0,1,1,1,0,0,0,0,0,0,0,0,1,1,0,1,0,0,1,59.04,70.25,30.9
1,1,36,1,1,0,0,0,1,0,0,0,0,0,1,0,1,1,0,1,1,0,0,0,1,0,0,0,0,0,1,0,0,0,0,0,56.57,34.3,16.52
0,1,25,1,1,0,0,0,0,1,0,0,0,0,1,0,1,0,1,0,1,0,1,0,1,0,1,0,0,0,1,0,0,0,0,0,61.19,56.8,21.52
1,0,29,1,0,1,0,0,0,0,1,0,0,0,4,0,0,0,0,0,0,0,0,0,1,0,1,1,0,0,1,1,0,0,0,0,94.55,67.54,28.21
0,1,47,1,0,0,0,1,0,0,0,1,0,0,13,0,1,0,1,0,0,1,0,0,1,1,0,0,1,0,1,0,0,0,0,0,65.41,74.41,26.16
1,1,45,1,1,0,0,0,0,1,0,0,0,0,10,1,0,0,0,0,1,0,0,1,1,0,0,0,0,1,1,0,0,0,0,0,82.7,79.49,34.6
0,0,27,1,1,0,0,0,0,0,0,1,0,0,0,0,0,0,0,0,0,1,0,0,0,1,1,0,0,0,1,0,0,0,0,1,71.69,50.82,15.13
1,1,52,0,0,0,1,0,0,0,0,1,0,0,16,0,1,1,0,0,1,0,1,0,1,0,0,0,0,1,1,1,0,0,1,0,73.14,93.23,32.09
1,0,26,1,0,0,1,0,0,0,0,1,0,0,0,0,1,1,0,0,0,0,1,1,0,0,0,1,0,0,1,0,0,0,0,0,94.72,77.6,32.24
0,1,29,1,0,0,1,0,0,1,0,0,0,0,8,0,1,0,0,1,0,1,0,0,0,0,0,1,0,0,1,0,0,0,0,1,82.21,87.98,33.99
0,1,23,1,1,0,0,0,0,0,0,0,1,0,0,0,0,0,1,0,1,0,0,0,1,0,0,1,0,1,1,1,0,1,0,0,68.35,67.96,25.99
1,1,24,1,1,0,0,0,0,0,0,1,0,0,4,1,0,0,1,0,1,0,0,0,0,1,0,1,1,0,1,0,0,0,0,0,87.42,82.37,38.15
1,0,34,1,0,1,0,0,0,0,0,0,0,1,5,1,1,1,0,1,0,0,0,0,1,0,0,0,0,0,1,1,0,0,0,0,70.08,61.2,25.68
1,0,26,1,0,1,0,0,0,0,0,0,0,1,0,0,0,0,1,0,0,0,0,1,0,0,1,0,1,1,1,0,0,1,0,1,83.87,52.2,22.08
1,1,65,0,0,1,0,0,0,0,0,0,0,1,25,1,1,1,0,1,0,0,0,1,1,1,0,0,0,0,1,0,0,0,0,0,59.08,64.47,20.59
0,1,59,0,1,0,0,0,0,1,0,0,0,0,23,1,1,0,0,1,0,1,0,0,0,1,0,0,0,1,1,1,0,1,0,0,99.8,98.03,27.61
1,1,50,0,1,0,0,0,0,0,0,1,0,0,20,0,1,0,0,0,1,0,1,1,1,0,1,0,0,0,1,1,1,0,0,0,94.89,86.98,29.59
0,0,38,1,0,0,0,1,0,0,0,0,1,0,3,1,0,0,1,0,0,0,0,1,0,0,0,0,0,0,1,0,0,1,0,0,72.06,68.19,19.68
1,0,29,1,1,0,0,0,0,1,0,0,0,0,4,0,0,0,0,1,1,0,0,0,0,1,0,0,1,1,1,0,0,0,0,0,85.47,71.24,29.7
0,0,30,1,1,0,0,0,1,0,0,0,0,0,3,1,0,0,1,1,0,0,0,1,0,0,0,0,1,1,1,0,0,0,0,0,90.02,83.51,28.2
0,1,27,1,1,0,0,0,0,1,0,0,0,0,5,0,0,0,1,0,0,0,0,1,1,1,1,0,1,0,1,0,1,0,0,0,66.68,84.53,32.61
1,0,31,1,0,0,0,1,0,0,0,1,0,0,0,0,1,1,1,0,0,0,1,1,0,1,0,0,0,0,1,0,0,0,0,0,78.28,77.8,32.32
1,0,44,1,0,0,1,0,0,1,0,0,0,0,9,0,1,1,0,0,0,1,0,1,0,0,1,0,0,1,1,0,0,0,0,0,61.74,61.87,23.55
1,0,32,1,1,0,0,0,1,0,0,0,0,0,4,0,0,0,0,0,0,0,0,1,0,0,1,0,0,1,1,0,0,0,0,0,69.95,66.21,27.68
1,0,37,1,0,0,0,1,0,0,0,0,1,0,10,0,0,0,0,0,1,1,0,0,0,0,0,1,0,0,1,0,0,1,0,0,47.09,69.86,26.74
1,0,29,1,1,0,0,0,0,0,0,1,0,0,5,1,1,1,0,0,0,0,0,0,0,0,0,0,1,0,1,0,0,1,0,1,93.45,70.78,29.51
1,0,31,1,0,0,0,1,0,0,0,0,1,0,0,1,0,0,1,0,1,0,0,0,0,1,0,0,0,0,1,0,0,0,0,0,70.07,65.15,27.26
1,0,46,1,1,0,0,0,0,0,0,0,1,0,12,0,1,1,0,0,0,1,1,0,0,0,1,0,1,0,1,0,0,0,0,0,65.83,69.03,26.41
0,0,24,1,0,0,0,1,0,1,0,0,0,0,0,1,0,0,1,1,0,1,0,0,0,1,0,1,0,0,1,0,0,0,0,0,80,76.36,25.34
1,1,36,1,0,1,0,0,0,0,1,0,0,0,9,0,0,0,1,0,0,1,1,0,0,0,1,0,1,0,1,0,0,0,0,0,46.66,66.42,29.37
1,0,62,0,0,0,0,1,0,0,0,0,1,0,29,0,1,0,0,0,0,0,1,1,0,0,0,0,0,0,1,1,0,0,0,0,76.15,83.01,24
1,0,49,1,1,0,0,0,0,0,0,0,1,0,28,0,0,0,0,0,0,1,0,1,0,0,0,0,0,1,1,1,1,0,0,0,58.15,69.86,26.74
0,1,26,1,1,0,0,0,1,0,0,0,0,0,0,0,1,1,0,1,0,1,1,0,1,0,0,0,0,0,1,0,0,0,0,0,63.6,70.33,26.93
1,1,54,0,0,0,1,0,0,1,0,0,0,0,10,0,1,1,0,0,0,0,0,0,1,0,0,1,0,0,1,0,1,0,0,1,75.43,71.32,23.33
1,0,41,1,1,0,0,0,0,0,0,0,1,0,10,0,1,1,0,0,0,0,1,0,1,0,0,0,0,0,1,0,1,0,1,0,100,83.77,32.31
1,1,23,1,0,1,0,0,0,0,0,0,0,1,0,0,1,0,0,0,0,0,0,0,0,0,1,0,0,1,1,0,0,1,0,0,84.5,53.46,26.58
1,0,23,1,0,1,0,0,0,0,0,0,0,1,0,1,1,1,0,0,1,1,0,1,1,0,0,0,0,0,1,0,1,0,0,1,92.66,62.25,26.1
1,1,24,1,1,0,0,0,0,0,0,0,1,0,0,0,0,0,0,1,0,0,1,0,0,0,1,1,0,1,1,1,1,0,0,0,86.75,61.36,29.74
1,0,54,0,0,0,1,0,0,0,0,1,0,0,17,0,0,0,0,0,0,0,1,0,0,0,0,0,1,1,1,1,0,0,1,0,79.21,101.27,31.31
1,0,38,1,1,0,0,0,0,0,0,0,1,0,6,1,1,0,1,0,0,0,1,0,1,0,0,1,0,0,1,0,1,1,0,0,89.35,81.29,31.32
1,0,35,1,1,0,0,0,0,1,0,0,0,0,6,1,1,1,0,0,0,0,0,0,1,1,0,0,0,1,1,0,0,1,0,1,63.44,57.91,21.96
1,0,23,1,0,1,0,0,0,0,1,0,0,0,0,0,1,1,0,1,0,0,0,0,1,1,0,0,0,0,1,0,1,0,0,1,80.9,49,20.8
0,0,29,1,1,0,0,0,0,1,0,0,0,0,4,0,0,0,0,1,1,0,0,0,0,0,0,1,0,0,1,0,0,0,1,0,67.48,73.58,24.23
0,0,48,1,0,1,0,0,0,0,0,0,0,1,11,0,1,1,0,1,0,0,1,0,0,0,1,0,0,0,1,0,0,0,0,1,65.51,63.44,17.78
1,1,41,1,1,0,0,0,0,0,0,1,0,0,12,0,1,0,0,0,0,0,0,0,1,0,1,0,0,0,1,1,0,0,0,1,83.45,66.86,29.54
1,1,29,1,0,0,1,0,0,0,0,1,0,0,2,0,0,0,0,1,1,0,0,1,1,0,0,1,0,0,1,0,0,0,0,0,70.42,80.66,37.46
1,1,31,1,1,0,0,0,0,0,0,0,1,0,2,0,1,1,1,1,0,0,0,0,1,0,1,1,0,0,1,0,0,0,0,0,76.19,64.96,31.18
1,0,23,1,0,0,0,1,0,0,0,0,1,0,0,0,0,0,1,0,0,0,0,0,0,0,1,0,1,0,1,0,0,0,1,1,96.31,73.18,30.47
0,0,51,0,1,0,0,0,0,0,0,1,0,0,18,0,0,0,1,0,0,0,0,0,0,1,1,0,0,0,1,0,0,1,0,0,84.74,87.12,19.25
1,1,34,1,0,0,1,0,0,0,0,1,0,0,12,1,1,0,0,0,1,0,0,0,0,1,0,1,0,0,1,0,0,0,1,0,88.29,96.13,43.65
1,0,33,1,0,0,1,0,0,1,0,0,0,0,7,0,0,0,0,0,1,0,0,0,0,1,0,0,1,1,1,0,0,0,1,0,64.86,71.83,29.93
1,0,34,1,0,0,0,1,0,0,0,1,0,0,6,0,0,0,0,0,1,0,1,1,0,1,0,0,0,0,1,0,0,0,1,0,46.65,58.05,24.42
1,0,51,0,1,0,0,0,1,0,0,0,0,0,13,0,0,0,1,0,0,0,0,0,1,1,0,0,0,0,1,0,0,1,0,0,100,91.85,27.54
0,1,36,1,0,1,0,0,0,0,0,0,0,1,12,0,1,1,0,0,0,1,0,1,1,1,0,0,0,0,1,0,1,0,1,0,94.08,76.1,26.84
1,0,53,0,0,0,0,1,0,0,0,0,1,0,17,0,1,0,0,1,0,1,0,0,0,0,0,0,0,0,1,0,1,0,0,0,95.07,93.48,28.19
1,1,27,1,0,0,1,0,0,1,0,0,0,0,0,1,1,1,1,0,1,0,0,0,0,0,0,0,0,0,1,0,0,0,0,0,78.65,78.91,36.76
1,1,64,0,1,0,0,0,0,0,0,0,1,0,29,0,0,0,1,0,1,0,1,0,0,0,1,0,0,0,1,0,0,1,0,1,78.35,89.11,30.44
0,0,24,1,1,0,0,0,0,0,0,1,0,0,0,1,0,0,0,0,0,1,1,0,0,0,1,0,0,0,1,1,0,0,0,1,86.91,64.23,20.49
0,1,22,1,0,1,0,0,0,0,0,0,0,1,0,1,1,0,0,0,0,0,1,1,0,1,0,0,0,0,1,1,0,1,0,0,81.9,55.7,21.08
0,1,31,1,0,0,0,1,0,0,0,1,0,0,11,0,0,0,1,1,0,0,0,1,0,0,0,0,1,0,1,0,0,0,1,0,69.86,80.36,30.94
1,1,32,1,0,0,0,1,0,1,0,0,0,0,3,1,1,0,0,1,0,0,0,0,1,0,0,0,0,0,1,1,0,0,0,1,73.53,64.83,31.13
1,1,38,1,0,1,0,0,0,0,1,0,0,0,11,0,1,1,0,1,0,0,0,0,1,0,1,1,0,0,1,0,0,0,0,0,78.95,77.5,33.8
1,0,55,0,1,0,0,0,1,0,0,0,0,0,10,1,1,1,0,0,0,0,1,0,0,1,0,1,0,1,1,0,0,0,0,0,85.16,80.03,22.81
1,1,28,1,0,0,1,0,0,0,0,1,0,0,4,0,1,1,0,0,0,0,1,0,1,1,1,1,0,0,1,0,0,1,0,1,58.65,68.81,32.72
0,1,40,1,0,1,0,0,0,0,0,0,0,1,6,0,1,1,0,0,0,0,1,0,1,0,1,1,0,0,1,0,0,1,0,0,71.92,51.43,16.97
1,1,32,1,1,0,0,0,0,0,0,0,1,0,9,0,1,1,1,1,0,0,0,0,1,0,0,0,0,0,1,0,0,0,1,0,47.11,57.11,28.05
1,1,37,1,0,0,0,1,0,0,0,1,0,0,11,1,1,0,0,0,1,0,1,0,0,0,0,1,0,1,1,0,0,0,1,0,100,113.94,48.38
1,0,55,0,1,0,0,0,0,0,0,1,0,0,14,0,0,0,0,0,0,1,0,0,0,0,1,0,1,0,1,0,0,0,0,0,82.8,92.51,27.8
0,0,27,1,0,0,0,1,0,0,0,1,0,0,4,0,0,0,1,0,0,1,0,0,1,0,1,0,1,1,1,0,1,0,1,0,69.06,65.33,20.93
1,0,41,1,0,0,0,1,0,1,0,0,0,0,4,0,0,0,1,0,1,1,0,1,1,0,0,1,0,0,1,0,0,0,0,0,88.38,78.85,30.34
1,1,32,1,1,0,0,0,0,0,0,0,1,0,8,0,0,0,0,0,0,0,1,0,1,0,0,0,0,1,1,0,0,0,0,1,31.43,51.23,25.69
1,0,23,1,1,0,0,0,1,0,0,0,0,0,1,0,1,0,0,0,0,1,0,0,1,1,0,0,1,1,1,0,0,0,1,0,90.53,64.5,27
1,1,51,0,1,0,0,0,0,0,0,1,0,0,23,0,1,1,0,0,0,0,0,0,0,1,0,1,0,0,1,0,0,0,0,0,63.74,60.21,18.89
0,1,29,1,1,0,0,0,0,0,0,0,1,0,0,0,0,0,1,1,1,0,0,0,1,1,0,0,0,1,1,0,0,1,1,0,88.94,68.72,26.29
1,1,33,1,1,0,0,0,0,1,0,0,0,0,4,1,1,1,0,1,1,0,0,1,0,0,0,0,1,0,1,0,0,0,0,0,55.19,44.64,23.06
0,1,35,1,0,0,0,1,0,1,0,0,0,0,4,1,0,0,1,0,0,1,0,0,1,0,0,0,1,0,1,0,0,1,0,0,78.05,74.26,26.1
0,1,46,1,0,1,0,0,0,0,1,0,0,0,15,0,1,1,1,0,0,0,1,1,0,1,1,0,0,0,1,0,0,0,0,0,72.91,80.95,28.78
1,0,30,1,1,0,0,0,0,0,0,0,1,0,9,0,1,1,0,1,0,0,0,0,0,1,0,0,1,0,1,0,0,0,0,0,52.09,49.55,21.02
1,1,22,1,1,0,0,0,0,0,0,1,0,0,0,0,1,1,0,0,0,1,0,0,0,1,0,1,1,0,1,0,0,0,0,1,66.22,50.38,25.35
0,0,49,1,1,0,0,0,0,0,0,0,1,0,15,0,0,0,1,0,1,1,1,1,0,0,0,0,1,0,1,0,0,0,0,0,68.03,76.72,23.09
0,0,28,1,0,0,0,1,0,0,0,0,1,0,0,0,0,0,1,1,0,0,0,1,0,0,1,0,1,1,1,0,0,0,0,1,69.05,65.47,20.99
1,1,31,1,0,0,0,1,0,1,0,0,0,0,2,0,1,0,0,0,1,0,1,0,1,0,1,1,0,0,1,0,0,0,0,0,90.54,77.38,36.15
0,0,58,0,1,0,0,0,0,1,0,0,0,0,25,0,0,0,1,0,0,0,1,0,0,1,0,0,0,0,1,1,0,1,0,0,91.26,99.9,24.36
1,0,44,1,1,0,0,0,0,1,0,0,0,0,4,0,0,0,0,0,1,1,1,1,1,0,0,0,0,1,1,0,0,1,0,0,70.24,76.94,29.57
0,0,26,1,1,0,0,0,1,0,0,0,0,0,3,1,1,1,0,0,0,0,1,0,1,1,0,0,0,0,1,1,0,1,0,0,45.51,51.67,15.47
1,1,34,1,1,0,0,0,1,0,0,0,0,0,8,0,1,1,0,1,0,0,0,1,0,1,0,0,0,1,1,0,0,0,0,0,85.74,78.25,36.5
0,1,44,1,0,0,0,1,0,0,0,1,0,0,11,0,1,0,0,0,0,0,0,0,1,0,1,0,0,0,1,0,0,0,0,0,100,96.56,35.02
1,1,49,1,0,1,0,0,0,0,1,0,0,0,9,0,1,1,1,1,0,0,0,0,0,0,1,1,0,0,1,0,1,0,0,0,66.81,51.63,23.45
0,1,34,1,0,1,0,0,0,0,1,0,0,0,7,0,1,1,0,0,0,0,0,0,1,0,0,0,0,1,1,0,0,0,1,0,76.18,66.61,25.45
1,0,62,0,0,0,0,1,0,0,0,0,1,0,21,0,0,0,1,0,1,0,0,0,1,0,1,0,0,0,1,0,0,0,0,0,77.97,78.98,22.39
1,0,45,1,0,0,0,1,0,1,0,0,0,0,12,0,0,0,0,1,0,1,1,0,0,0,0,0,0,1,1,0,0,0,0,1,65.65,82.65,31.86
1,0,25,1,0,0,1,0,0,0,0,1,0,0,0,1,1,1,0,1,0,1,0,1,0,0,0,0,0,0,1,0,0,0,1,0,60.54,78.38,32.55
0,0,32,1,0,0,0,1,0,0,0,0,1,0,9,0,1,0,0,0,0,0,0,1,0,1,0,0,0,0,1,0,0,0,1,0,94.96,93.85,32.34
0,0,58,0,1,0,0,0,1,0,0,0,0,0,21,0,0,0,0,1,0,0,0,0,1,1,0,0,0,0,1,0,0,0,1,0,69.23,76.73,15.09
1,1,47,1,0,0,1,0,0,1,0,0,0,0,18,0,1,1,0,0,1,0,0,1,0,1,1,0,0,0,1,0,0,0,0,0,54.16,94.7,40.68
1,0,32,1,1,0,0,0,0,1,0,0,0,0,11,0,1,0,0,0,1,0,1,1,0,1,0,0,0,1,1,0,0,0,0,0,58.71,81.66,33.86
1,1,46,1,0,1,0,0,0,0,0,0,0,1,18,1,1,0,0,0,0,0,0,0,1,0,0,0,0,0,1,0,0,0,0,0,90.02,74.88,32.75
1,1,31,1,0,0,0,1,0,0,0,0,1,0,3,0,1,0,0,0,0,0,0,0,0,0,1,0,1,0,1,0,1,0,1,0,85.44,82.18,38.07
1,0,32,1,0,1,0,0,0,0,0,0,0,1,4,0,0,0,0,1,0,0,1,0,0,1,0,0,0,1,1,0,0,0,0,0,71.81,62.8,26.32
1,1,45,1,1,0,0,0,0,0,0,0,1,0,11,0,1,1,0,1,0,0,0,0,0,0,0,1,0,1,1,0,0,0,0,0,67.54,78.54,34.22
1,0,41,1,1,0,0,0,0,1,0,0,0,0,12,0,1,1,0,1,0,0,1,0,0,0,0,0,1,0,1,0,1,0,0,0,91.42,72.87,27.95
1,0,44,1,1,0,0,0,0,0,0,0,1,0,16,0,1,1,0,0,0,0,0,1,0,0,0,1,0,0,1,0,1,0,0,0,92.44,77.71,29.88
1,0,53,0,0,0,1,0,0,1,0,0,0,0,13,0,1,0,0,0,0,0,0,0,1,0,0,0,0,1,1,0,0,1,1,0,57.8,87.34,25.74
0,0,35,1,0,0,0,1,0,0,0,0,1,0,11,1,0,0,0,0,0,0,0,0,0,1,0,0,0,1,1,0,0,1,0,0,82.71,76.48,22.99
1,0,24,1,1,0,0,0,0,1,0,0,0,0,4,0,1,0,0,0,0,1,1,1,0,0,1,0,1,0,1,0,0,0,0,0,82.81,67.52,28.21
1,1,50,0,1,0,0,0,0,1,0,0,0,0,18,1,0,0,0,1,1,1,0,0,0,1,0,0,0,0,1,1,0,1,0,0,66.33,86.9,29.56
0,1,30,1,0,0,0,1,0,0,0,1,0,0,4,1,1,1,1,0,0,0,0,1,0,1,0,0,0,0,1,0,1,0,0,0,97,88.27,34.11
1,1,59,0,1,0,0,0,1,0,0,0,0,0,18,0,1,1,1,0,0,0,1,0,0,1,1,0,0,0,1,0,0,0,0,0,54.71,58.2,18.08
1,0,25,1,0,0,0,1,0,0,0,1,0,0,3,0,1,0,0,1,0,0,1,1,0,1,0,1,0,0,1,1,0,0,1,0,74.26,79.43,32.97
0,1,22,1,1,0,0,0,1,0,0,0,0,0,0,0,1,0,1,0,0,1,0,0,0,0,0,0,0,0,1,0,0,0,1,1,61.31,48.5,18.2
0,1,32,1,1,0,0,0,0,0,0,1,0,0,7,1,1,1,0,0,0,0,0,0,0,0,1,0,0,0,1,1,0,0,0,0,95.2,65.65,25.06
0,0,42,1,1,0,0,0,0,0,0,1,0,0,11,1,1,1,0,0,0,0,0,0,0,1,0,0,0,1,1,1,0,0,0,0,66.74,71.07,20.83
0,1,42,1,0,0,0,1,0,0,0,0,1,0,15,0,1,0,0,0,0,0,0,0,0,0,0,0,1,1,1,0,0,0,0,0,58.64,79.49,28.2
1,0,65,0,1,0,0,0,0,1,0,0,0,0,21,0,0,0,0,0,1,1,0,0,0,0,1,1,0,0,1,0,0,1,1,0,100,78.43,22.17
0,0,23,1,0,0,0,1,0,1,0,0,0,0,0,1,0,0,1,0,0,0,0,0,1,0,0,1,1,0,1,0,0,0,0,0,61.7,71.58,23.43
1,0,40,1,0,0,0,1,0,0,0,1,0,0,14,0,1,1,0,0,0,1,0,0,0,0,1,1,0,0,1,0,0,0,0,1,60.51,76.89,29.56
1,0,24,1,1,0,0,0,0,1,0,0,0,0,0,0,1,0,0,0,0,0,0,0,1,1,0,1,0,0,1,0,1,0,0,0,99.43,60.88,25.55
1,0,22,1,0,0,0,1,0,1,0,0,0,0,2,0,1,1,0,0,0,0,0,0,0,0,1,0,0,0,1,0,0,1,0,1,56.56,74.47,30.99
0,0,28,1,1,0,0,0,0,0,0,1,0,0,3,0,0,0,0,1,0,0,1,1,0,1,0,0,0,0,1,0,1,0,0,0,70.73,57.94,17.98
1,1,24,1,0,0,0,1,0,0,0,0,1,0,0,0,1,0,0,0,0,0,1,0,1,0,1,0,0,0,1,0,0,1,0,1,100,73.22,34.49
1,1,41,1,0,0,1,0,0,1,0,0,0,0,14,0,1,0,0,0,0,0,0,1,1,0,0,0,0,1,1,0,0,0,0,1,93.42,101.75,43.5
0,0,30,1,1,0,0,0,0,0,0,1,0,0,2,1,1,1,1,0,0,0,0,0,0,1,0,0,0,0,1,0,0,0,1,0,77.94,70.34,22.94
1,0,24,1,0,0,0,1,0,1,0,0,0,0,0,0,0,0,1,1,1,1,0,0,0,0,0,0,0,1,1,1,0,0,1,0,88.9,80.83,33.53
0,0,23,1,0,1,0,0,0,0,0,0,0,1,0,1,0,0,0,0,0,0,1,1,0,0,0,1,0,0,1,0,0,0,0,0,82.34,58.79,18.32
1,1,52,0,0,0,0,1,0,0,0,0,1,0,14,0,0,0,1,0,1,1,0,0,0,1,1,0,0,0,1,0,0,0,0,0,71.02,89.8,30.72
1,1,34,1,1,0,0,0,0,0,0,1,0,0,11,0,0,0,1,0,0,1,0,0,0,0,1,0,0,0,1,0,0,0,0,0,32.44,51.16,25.67
1,0,28,1,0,0,0,1,0,0,0,1,0,0,3,1,1,1,1,0,0,1,1,0,1,0,0,0,0,0,1,0,0,0,0,0,54.66,68.01,28.41
0,0,28,1,1,0,0,0,0,0,0,0,1,0,5,0,0,0,1,1,1,0,0,0,0,1,0,0,0,0,1,0,1,0,0,0,87.57,64.72,20.69
0,1,51,0,1,0,0,0,1,0,0,0,0,0,5,0,1,0,0,0,0,0,1,0,0,0,0,1,1,0,1,0,1,0,0,0,100,71.5,17
0,1,47,1,1,0,0,0,1,0,0,0,0,0,9,0,0,0,0,0,0,0,0,0,1,1,0,1,0,1,1,0,0,0,0,0,74.48,55.63,18.65
1,0,44,1,1,0,0,0,0,1,0,0,0,0,12,0,0,0,1,0,0,0,1,1,1,0,0,1,1,0,1,0,0,1,0,0,58.88,74.89,28.76
1,0,22,1,0,0,0,1,0,1,0,0,0,0,0,0,1,1,1,0,0,1,0,0,1,0,0,0,1,0,1,1,0,0,1,0,67.93,75.32,31.33
1,0,22,1,0,0,0,1,0,0,0,0,1,0,0,0,0,0,0,0,0,1,0,1,0,0,0,0,0,1,1,1,0,0,0,0,56.48,62.83,26.33
1,0,29,1,1,0,0,0,0,1,0,0,0,0,7,0,0,0,0,0,0,1,0,0,0,0,1,0,0,1,1,0,0,0,0,0,60.56,67.19,28.08
0,1,24,1,1,0,0,0,0,0,0,1,0,0,4,1,0,0,0,0,0,0,1,0,0,1,0,0,0,0,1,0,1,0,0,0,88.46,78.15,30.06
1,1,33,1,1,0,0,0,0,0,0,0,1,0,6,0,1,1,0,0,1,1,0,0,0,0,1,1,1,0,1,1,0,0,1,0,78.65,79.95,37.18
1,0,48,1,0,1,0,0,0,0,1,0,0,0,17,1,0,0,0,1,0,1,0,1,0,0,0,1,0,0,1,0,1,0,0,1,52.56,69.83,26.73
0,0,34,1,0,0,1,0,0,0,0,1,0,0,12,0,0,0,0,0,1,0,0,1,0,1,0,0,0,0,1,0,0,0,0,0,67.74,90.02,30.81
1,0,36,1,0,0,0,1,0,0,0,1,0,0,8,0,1,1,0,0,1,0,0,0,0,0,0,0,0,1,1,1,0,0,0,1,83.49,75.23,28.89
1,0,30,1,0,1,0,0,0,0,1,0,0,0,10,0,1,0,0,0,0,0,1,1,0,1,0,0,0,0,1,0,1,0,0,1,92.76,78.03,32.41
0,1,47,1,1,0,0,0,1,0,0,0,0,0,15,1,0,0,0,1,0,1,0,1,0,1,0,0,0,0,1,0,0,0,0,0,63.15,72.65,25.46
1,0,40,1,0,1,0,0,0,0,1,0,0,0,6,0,0,0,0,0,0,0,1,1,0,0,1,0,0,0,1,0,0,1,0,1,82.1,62.97,23.99
0,0,29,1,1,0,0,0,0,1,0,0,0,0,8,0,1,0,0,0,0,0,1,0,0,0,0,1,0,1,1,0,1,0,0,0,86.53,72.54,23.82
0,0,39,1,0,0,0,1,0,1,0,0,0,0,10,0,1,1,0,0,0,0,1,0,0,0,1,1,0,0,1,0,0,0,0,0,58.71,68.47,19.79
0,0,30,1,0,1,0,0,0,0,1,0,0,0,5,0,1,1,0,0,1,1,1,1,0,1,0,0,0,0,1,1,0,0,0,0,83.77,62.23,19.69
0,1,39,1,1,0,0,0,0,1,0,0,0,0,7,0,0,0,0,0,1,0,0,1,0,1,0,0,1,0,1,0,0,0,0,1,85.83,65.86,22.75
0,1,60,0,1,0,0,0,0,0,0,0,1,0,25,0,1,1,0,1,0,0,1,0,1,0,1,0,1,0,1,0,1,0,0,0,72,70.92,16.77
0,0,29,1,1,0,0,0,0,1,0,0,0,0,6,0,1,1,0,1,1,0,1,0,0,0,0,0,0,0,1,0,1,1,0,0,75.29,52.52,15.81
1,1,37,1,0,0,0,1,0,1,0,0,0,0,12,1,1,0,0,0,1,0,0,0,1,0,0,0,0,0,1,0,0,0,0,0,69.91,90.2,38.88
1,0,29,1,0,0,0,1,0,1,0,0,0,0,0,1,0,0,0,0,0,0,0,1,0,1,1,0,0,0,1,0,0,1,0,0,72.45,66.48,27.79
1,1,37,1,1,0,0,0,0,0,0,1,0,0,7,1,1,1,0,0,0,1,1,0,0,0,0,0,0,0,1,0,0,1,0,0,74.22,69.21,30.48
1,1,24,1,0,0,0,1,0,0,0,0,1,0,0,0,0,0,0,1,0,0,1,0,0,1,1,1,0,0,1,0,1,0,1,0,64.38,61.62,29.85
1,0,27,1,1,0,0,0,0,1,0,0,0,0,0,0,1,0,0,1,0,0,0,1,0,1,0,0,0,0,1,0,0,0,0,0,64.87,66.43,27.77
1,0,28,1,0,0,0,1,0,0,0,1,0,0,4,1,1,0,0,0,1,0,0,0,1,1,0,0,0,0,1,0,0,0,0,0,71.28,81.94,33.98
0,1,31,1,1,0,0,0,1,0,0,0,0,0,1,1,1,0,0,0,0,0,1,1,0,0,0,0,0,0,1,1,0,0,1,0,85.2,64.2,24.48
1,0,38,1,0,0,1,0,0,1,0,0,0,0,13,0,1,1,0,0,1,1,0,0,0,0,1,0,0,1,1,0,0,1,0,0,57.2,91.05,35.22
1,1,22,1,1,0,0,0,1,0,0,0,0,0,2,0,1,0,1,0,0,0,1,1,0,0,0,0,1,0,1,0,0,0,1,1,78.72,78.88,36.75
1,1,34,1,0,0,1,0,0,1,0,0,0,0,11,0,1,1,0,0,0,1,0,0,1,0,1,0,0,1,1,0,0,0,0,0,82.96,79.11,36.84
0,0,25,1,1,0,0,0,1,0,0,0,0,0,0,0,0,0,0,0,0,0,0,0,1,0,0,1,0,1,1,1,0,0,0,0,100,66.36,21.34
1,0,22,1,0,1,0,0,0,0,1,0,0,0,2,0,0,0,0,0,0,0,1,1,1,0,1,0,0,0,1,0,0,0,0,0,89.23,60.1,25.24
1,1,25,1,1,0,0,0,1,0,0,0,0,0,1,1,0,0,0,1,0,0,1,0,1,0,0,1,1,0,1,0,1,0,1,0,36.4,45.37,23.35
1,1,22,1,1,0,0,0,1,0,0,0,0,0,2,0,1,0,0,0,0,0,1,0,0,1,0,0,1,1,1,0,0,1,1,0,95.4,63.62,30.65
1,0,24,1,0,1,0,0,0,0,0,0,0,1,2,0,0,0,0,1,0,0,1,0,0,0,0,1,0,0,1,0,0,0,0,0,83.76,59.25,24.9
1,1,44,1,1,0,0,0,0,0,0,0,1,0,9,0,1,0,0,0,0,0,1,0,0,1,1,0,0,1,1,0,0,0,0,1,82.13,79.57,34.63
1,0,33,1,0,0,1,0,0,0,0,1,0,0,4,1,1,1,0,0,1,0,0,0,1,0,0,0,0,0,1,0,1,0,0,0,64.6,76.4,31.76
1,1,27,1,0,1,0,0,0,0,1,0,0,0,0,1,0,0,0,1,1,1,0,0,0,1,0,0,0,0,1,0,0,0,0,1,74.85,39.68,21.07
0,1,32,1,1,0,0,0,0,0,0,1,0,0,1,0,1,1,0,0,0,0,0,0,1,0,0,1,0,0,1,0,0,1,0,1,80.71,61.46,23.38
1,1,32,1,1,0,0,0,1,0,0,0,0,0,3,0,0,0,0,0,1,0,0,1,1,0,0,0,0,0,1,0,0,0,0,0,94.88,75.16,35.27
1,1,35,1,1,0,0,0,1,0,0,0,0,0,8,0,1,1,0,0,1,1,1,0,0,0,0,1,0,0,1,0,0,0,0,0,88.36,78.54,34.22
0,1,38,1,0,0,0,1,0,1,0,0,0,0,11,0,0,0,0,0,0,0,0,1,1,0,1,1,0,0,1,1,0,0,0,1,96.21,97.07,35.23
1,1,28,1,1,0,0,0,0,1,0,0,0,0,1,1,0,0,0,0,1,0,1,0,0,0,0,0,0,1,1,0,0,1,0,0,74.23,61.63,29.85
0,0,37,1,1,0,0,0,1,0,0,0,0,0,9,1,0,0,0,1,0,0,0,0,0,0,1,0,0,1,1,0,0,0,0,0,93.45,84.96,26.39
0,1,38,1,1,0,0,0,0,0,0,1,0,0,3,0,1,1,1,0,0,1,0,0,0,0,0,0,0,1,1,1,0,0,0,1,56.11,64.65,22.26
0,1,35,1,1,0,0,0,0,1,0,0,0,0,10,1,1,0,0,0,0,0,0,0,0,1,0,1,0,0,1,1,0,0,0,1,89.54,84.91,30.36
1,0,42,1,0,1,0,0,0,0,0,0,0,1,6,1,0,0,0,1,0,0,0,0,0,1,0,0,0,0,1,0,0,0,0,0,82.85,57.71,21.88
0,0,34,1,0,1,0,0,0,0,0,0,0,1,3,1,1,0,0,0,1,0,0,0,0,1,0,0,0,0,1,0,0,0,0,0,91.79,58.8,18.32
0,1,33,1,1,0,0,0,1,0,0,0,0,0,12,0,0,0,0,0,0,0,0,1,0,0,1,1,1,0,1,1,1,0,0,0,81.59,59.4,22.56
1,0,36,1,1,0,0,0,0,0,0,1,0,0,9,0,1,1,0,1,0,0,0,1,0,0,0,1,0,0,1,0,0,0,0,0,72.79,73.58,28.23
1,0,46,1,1,0,0,0,0,0,0,0,1,0,20,0,1,1,0,0,0,0,1,0,1,1,1,0,0,0,1,0,0,0,0,0,64.97,71.19,27.28
0,1,37,1,0,1,0,0,0,0,1,0,0,0,11,0,1,0,1,0,0,1,0,1,0,0,0,0,0,0,1,1,0,0,0,0,100,82.16,29.27
1,1,29,1,1,0,0,0,0,0,0,1,0,0,0,1,0,0,0,1,1,0,0,1,0,0,1,1,0,0,1,0,0,0,0,0,95.16,82.67,38.27
1,1,27,1,0,0,1,0,0,0,0,1,0,0,7,0,0,0,0,1,0,0,1,0,1,1,1,0,0,0,1,0,1,0,0,0,86,89.67,41.07
1,0,63,0,1,0,0,0,0,0,0,1,0,0,23,0,0,0,0,0,0,0,0,0,0,0,0,1,1,1,1,0,0,1,0,0,85,80.25,22.9
1,1,24,1,1,0,0,0,0,1,0,0,0,0,4,0,1,0,0,0,0,0,1,1,0,1,1,1,0,0,1,0,0,0,0,0,56.48,53.96,26.78
0,0,28,1,0,0,1,0,0,1,0,0,0,0,1,0,0,0,1,0,1,0,0,0,0,0,0,0,0,1,1,0,0,0,0,0,78.49,83.73,28.29
1,1,44,1,1,0,0,0,0,0,0,1,0,0,19,0,0,0,0,1,0,0,1,0,1,1,1,0,0,1,1,0,0,0,1,0,80.75,88.83,38.33
1,0,40,1,0,0,1,0,0,0,0,1,0,0,4,0,1,1,0,0,0,0,1,0,0,0,1,1,0,0,1,0,0,0,1,0,74.78,66.54,25.42
1,0,42,1,0,0,0,1,0,1,0,0,0,0,13,1,1,0,0,0,0,0,0,0,0,0,1,0,0,0,1,1,0,0,0,0,70.93,71.79,27.51
0,1,24,1,0,0,0,1,0,1,0,0,0,0,0,0,1,0,0,0,0,0,0,0,1,1,0,1,0,1,1,0,0,0,1,1,55.94,60.66,23.07
1,0,38,1,1,0,0,0,0,0,0,0,1,0,9,0,0,0,0,0,1,0,0,1,0,0,1,1,0,1,1,0,0,0,0,0,79.34,62.82,23.93
0,1,47,1,0,0,0,1,0,1,0,0,0,0,14,1,0,0,0,0,1,1,1,0,0,0,1,0,0,1,1,0,0,0,0,0,98.16,100.65,36.66
1,1,24,1,1,0,0,0,0,0,0,1,0,0,4,0,1,1,0,1,0,1,1,0,0,0,1,0,0,1,1,0,0,0,0,0,100,79.16,36.87
1,0,65,0,1,0,0,0,0,0,0,0,1,0,27,1,1,1,0,0,0,1,0,1,0,0,0,0,1,1,1,0,0,0,1,0,84.4,82.52,23.81
0,1,31,1,1,0,0,0,1,0,0,0,0,0,8,1,1,1,0,0,0,0,0,0,1,0,0,0,1,1,1,0,0,1,0,0,58.17,56.89,21.56
0,0,47,1,1,0,0,0,1,0,0,0,0,0,15,0,1,0,0,0,1,1,0,0,0,0,1,1,1,0,1,0,0,0,0,0,75.49,86.66,27.07
1,1,45,1,1,0,0,0,0,0,0,1,0,0,13,0,1,0,0,1,0,0,0,0,1,0,1,0,1,0,1,0,0,0,0,0,53.94,66.3,29.32
0,0,27,1,1,0,0,0,1,0,0,0,0,0,5,0,0,0,0,0,0,1,1,0,0,1,0,0,0,0,1,0,0,0,1,1,70.12,54.31,16.52
1,0,26,1,0,1,0,0,0,0,0,0,0,1,1,0,0,0,0,0,1,1,0,0,1,0,0,0,1,1,1,0,0,0,0,0,74.79,54.3,22.92
0,1,47,1,0,0,0,1,0,0,0,0,1,0,15,0,0,0,0,0,1,0,1,1,0,1,0,0,0,0,1,0,1,0,0,0,75.61,95.23,34.49
0,0,59,0,1,0,0,0,0,0,0,1,0,0,19,0,1,0,1,0,0,0,0,1,0,1,0,1,1,0,1,0,0,1,0,0,65.11,73.21,13.68
0,1,35,1,1,0,0,0,0,0,0,1,0,0,9,0,0,0,0,0,0,0,0,0,1,0,1,0,1,0,1,0,0,0,0,0,77.87,78.93,27.97
0,1,31,1,1,0,0,0,0,1,0,0,0,0,8,0,1,0,1,1,1,1,0,0,0,1,0,0,0,0,1,0,0,1,1,0,79.88,97.75,37.9
0,0,32,1,1,0,0,0,0,0,0,1,0,0,2,0,0,0,0,1,0,1,1,1,1,0,1,0,0,0,1,0,0,0,0,0,76.79,59.76,18.7
1,1,22,1,1,0,0,0,0,0,0,1,0,0,0,0,0,0,1,1,0,0,1,1,0,1,1,0,0,0,1,1,0,0,1,0,75.24,71.71,33.89
1,0,56,0,1,0,0,0,0,0,0,1,0,0,24,0,1,1,0,1,0,0,0,0,0,1,1,0,0,0,1,0,0,0,1,0,60.12,67.12,17.65
1,1,40,1,1,0,0,0,0,0,0,0,1,0,5,0,1,1,0,1,0,0,0,0,0,1,0,0,1,1,1,0,1,0,0,1,47.2,53.99,24.4
0,1,41,1,0,0,1,0,0,1,0,0,0,0,11,1,0,0,1,1,0,0,0,0,0,0,0,1,0,0,1,0,0,0,1,0,63.19,73.48,25.79
0,0,43,1,0,1,0,0,0,0,0,0,0,1,8,1,1,1,0,1,0,0,0,0,0,0,0,0,0,1,1,0,0,1,0,0,100,66.77,19.11
0,1,32,1,1,0,0,0,0,1,0,0,0,0,5,1,1,0,0,0,1,0,0,0,1,0,0,1,1,0,1,1,0,0,0,0,81.53,80.65,31.06
1,1,63,0,1,0,0,0,0,0,0,0,1,0,34,0,1,0,1,0,0,0,0,0,1,0,1,0,0,0,1,1,0,1,0,0,87.41,92.36,31.75
1,1,42,1,0,0,1,0,0,1,0,0,0,0,9,0,0,0,0,0,1,1,0,0,1,0,1,0,1,0,1,0,1,0,1,0,86.4,92.53,39.81
1,1,25,1,0,0,0,1,0,1,0,0,0,0,0,0,0,0,0,1,0,1,1,0,0,0,0,0,0,1,1,1,0,0,1,0,57.02,76.94,35.97
1,1,43,1,0,0,0,1,0,0,0,1,0,0,12,0,1,1,1,1,1,0,1,0,0,1,0,0,0,0,1,0,0,1,0,0,81.66,84.86,36.74
1,0,26,1,0,1,0,0,0,0,0,0,0,1,3,0,0,0,0,1,0,1,0,1,0,0,0,0,0,1,1,1,0,1,0,0,100,55.67,23.47
1,1,30,1,0,0,0,1,0,0,0,1,0,0,9,0,0,0,0,1,0,1,0,0,0,0,0,0,0,1,1,1,0,0,0,0,74.6,87.52,40.21
1,1,57,0,0,0,0,1,0,1,0,0,0,0,24,1,0,0,0,0,1,1,0,0,0,1,0,1,0,1,1,1,0,0,0,0,81.36,86.88,29.55
1,1,34,1,0,1,0,0,0,0,1,0,0,0,5,0,1,1,0,1,0,1,0,0,0,0,1,0,0,0,1,1,0,1,0,0,84.18,50.58,25.43
1,0,63,0,0,0,0,1,0,0,0,0,1,0,29,1,0,0,0,0,0,0,1,0,0,1,1,1,0,0,1,0,1,0,1,0,62.72,89.71,26.68
1,1,54,0,1,0,0,0,0,0,0,1,0,0,17,0,1,1,0,0,1,0,0,0,1,0,0,1,0,0,1,0,0,0,0,0,80.41,68.8,22.32
0,1,54,0,1,0,0,0,1,0,0,0,0,0,13,0,1,1,0,1,0,0,1,0,0,0,1,1,1,0,1,0,0,1,0,1,56.06,64.87,14.35
1,0,47,1,1,0,0,0,0,1,0,0,0,0,15,0,1,1,1,0,1,1,0,0,1,0,0,1,0,0,1,0,0,0,0,0,87.34,99.1,38.44
0,1,35,1,0,0,0,1,0,1,0,0,0,0,1,1,1,1,1,1,0,1,0,0,0,0,1,0,0,0,1,0,0,1,1,0,61.23,80.33,28.53
1,0,54,0,0,1,0,0,0,0,0,0,0,1,18,1,0,0,0,0,0,0,0,1,0,0,1,0,0,0,1,0,0,0,1,0,86.47,64.32,16.53
0,1,32,1,1,0,0,0,0,0,0,1,0,0,2,0,0,0,1,1,0,0,0,0,0,0,0,1,1,0,1,0,0,0,1,0,60.32,53.86,20.35
1,1,28,1,0,0,1,0,0,1,0,0,0,0,8,0,0,0,0,1,0,0,0,0,0,1,1,0,1,0,1,0,0,0,0,0,72.3,95.11,43.24
0,1,28,1,1,0,0,0,0,0,0,1,0,0,7,0,0,0,1,1,0,0,0,0,0,0,0,0,0,1,1,0,1,0,1,0,78.15,70.66,27.06
1,0,27,1,1,0,0,0,0,1,0,0,0,0,2,0,1,1,0,0,1,0,1,0,0,0,0,0,0,0,1,0,1,0,1,0,47.77,56.19,23.68
1,1,46,1,1,0,0,0,1,0,0,0,0,0,11,1,1,0,0,0,0,0,0,1,0,0,0,0,0,0,1,0,0,0,0,0,67.53,61.74,27.5
0,0,27,1,0,0,0,1,0,0,0,1,0,0,0,1,0,0,0,1,0,0,0,1,0,0,0,0,0,0,1,0,0,1,1,0,63.83,58.58,18.23
0,1,28,1,1,0,0,0,0,0,0,1,0,0,2,0,1,1,0,1,0,0,0,0,1,0,0,0,0,0,1,0,0,0,0,0,100,68.7,26.28
1,0,65,0,0,0,1,0,0,1,0,0,0,0,16,0,0,0,0,0,1,0,0,1,0,0,1,0,0,0,1,0,1,0,0,0,81.12,98.34,30.14
0,1,26,1,1,0,0,0,0,1,0,0,0,0,0,0,0,0,0,1,0,0,1,0,0,0,1,0,1,0,1,0,0,0,1,0,70.88,60.52,23.01
1,1,26,1,1,0,0,0,1,0,0,0,0,0,2,0,1,1,0,0,1,0,1,0,0,0,1,0,1,1,1,1,0,0,1,0,38.64,39.68,21.07
0,1,25,1,1,0,0,0,0,0,0,1,0,0,0,1,1,1,0,1,0,0,1,0,0,0,0,0,0,0,1,0,0,0,1,1,73.98,64.24,24.5
1,0,53,0,1,0,0,0,0,0,0,0,1,0,21,0,0,0,0,0,0,0,1,1,0,0,1,1,0,1,1,0,0,0,0,0,67.13,78.27,22.11
0,1,54,0,0,1,0,0,0,0,0,0,0,1,22,0,1,1,0,1,0,0,0,0,0,0,0,1,1,0,1,0,0,1,0,1,75.35,80.96,20.79
0,0,31,1,0,1,0,0,0,0,0,0,0,1,0,0,1,0,1,0,0,1,1,0,0,0,0,0,0,0,1,1,0,1,0,0,69.67,39.21,10.48
1,1,22,1,0,0,0,1,0,0,0,1,0,0,0,1,1,1,0,0,1,0,0,0,1,0,0,0,0,0,1,0,0,0,0,0,77.24,57.97,28.39
0,1,64,0,0,0,1,0,0,0,0,1,0,0,28,1,0,0,0,0,1,0,0,0,1,1,0,1,0,0,1,0,0,0,1,1,75.93,89.17,24.07
1,1,40,1,0,0,1,0,0,1,0,0,0,0,7,0,0,0,0,1,0,0,0,0,0,1,0,1,0,0,1,1,0,0,0,0,75.09,70.94,31.18
1,1,33,1,0,0,0,1,0,0,0,0,1,0,11,0,1,1,1,1,0,1,0,0,0,0,0,0,1,0,1,0,0,0,0,0,88.17,81.47,37.79
1,1,50,0,0,0,1,0,0,0,0,1,0,0,14,0,1,1,0,1,0,0,0,0,0,1,0,1,1,0,1,0,0,0,1,0,57.31,87.36,29.74
0,0,34,1,1,0,0,0,0,0,0,1,0,0,2,0,1,0,1,0,1,0,0,1,0,1,0,0,0,0,1,0,0,0,1,0,53.15,51.44,15.38
1,0,28,1,0,1,0,0,0,0,1,0,0,0,6,0,0,0,0,0,0,1,0,0,0,0,0,1,0,1,1,0,0,0,0,1,65.81,51.86,21.94
0,1,24,1,1,0,0,0,0,1,0,0,0,0,4,0,0,0,0,0,1,0,1,1,0,0,0,0,0,0,1,0,1,0,0,1,68.77,54.74,20.7
0,1,65,0,0,1,0,0,0,0,0,0,0,1,27,0,1,0,0,1,0,1,1,0,0,0,0,0,0,1,1,0,0,0,0,0,53.9,56.97,11.19
0,0,37,1,1,0,0,0,0,0,0,1,0,0,9,1,1,0,0,1,0,0,0,1,1,0,0,1,0,0,1,1,0,0,1,0,72.68,68.12,19.65
0,1,28,1,0,0,0,1,0,0,0,0,1,0,0,0,1,0,0,1,1,0,0,1,1,0,0,0,0,0,1,0,0,0,0,0,74.68,68.7,26.28
1,0,36,1,0,1,0,0,0,0,0,0,0,1,9,1,1,0,0,0,0,1,0,0,0,0,0,0,1,0,1,0,0,1,0,0,81.19,62.24,23.7
0,1,27,1,0,1,0,0,0,0,1,0,0,0,1,0,1,1,1,0,1,0,0,0,0,0,0,1,1,0,1,0,0,0,0,0,91.48,76.55,29.42
0,0,23,1,0,0,0,1,0,0,0,0,1,0,2,1,0,0,0,0,0,1,0,1,0,0,0,0,0,0,1,0,0,0,0,0,54.39,63.36,20.15
0,1,41,1,1,0,0,0,0,0,0,1,0,0,13,0,0,0,0,0,0,1,1,0,1,1,1,0,0,1,1,0,0,0,0,1,55.86,70.21,24.48
1,0,48,1,0,0,0,1,0,0,0,0,1,0,12,1,1,1,0,1,0,0,0,0,0,0,1,1,0,0,1,0,0,0,0,0,86.03,88.36,34.14
0,1,23,1,1,0,0,0,0,1,0,0,0,0,0,0,1,1,0,0,0,0,1,0,0,1,0,0,1,0,1,0,0,0,0,0,72.87,61.88,23.55
0,1,41,1,0,1,0,0,0,0,0,0,0,1,14,0,0,0,0,1,0,0,1,0,0,0,0,1,0,0,1,0,0,0,0,0,81.62,64.44,22.18
1,1,42,1,0,1,0,0,0,0,0,0,0,1,9,0,1,1,0,0,0,0,0,0,0,0,1,1,0,1,1,0,0,0,1,0,65.08,63.36,28.14
1,0,65,0,1,0,0,0,0,0,0,1,0,0,23,1,0,0,0,1,0,1,0,0,1,0,0,0,0,0,1,1,0,0,0,0,71.71,71.61,19.44
1,0,53,0,0,0,0,1,0,0,0,1,0,0,17,0,0,0,0,1,0,0,0,1,1,0,1,0,1,1,1,0,0,0,0,0,100,91.05,27.22
1,0,42,1,1,0,0,0,0,0,0,0,1,0,10,1,0,0,0,0,0,0,0,1,0,0,1,0,1,0,1,0,0,0,0,1,67.35,72.89,27.96
1,0,40,1,1,0,0,0,1,0,0,0,0,0,6,0,1,0,0,0,1,0,1,0,1,0,0,0,1,1,1,0,0,0,1,0,81.1,71.56,27.43
1,1,35,1,0,0,0,1,0,0,0,0,1,0,10,0,0,0,1,0,1,0,1,0,0,0,0,0,0,1,1,0,1,1,0,0,86.56,84.09,36.44
1,1,49,1,1,0,0,0,0,0,0,1,0,0,16,0,0,0,0,0,0,1,0,0,0,1,1,1,0,1,1,0,0,1,1,0,85.35,94.61,40.64
0,1,47,1,1,0,0,0,1,0,0,0,0,0,17,0,1,1,0,0,0,0,1,0,0,1,0,0,0,0,1,0,0,0,0,0,67.83,61.79,21.12
0,1,38,1,1,0,0,0,0,1,0,0,0,0,17,1,0,0,1,1,0,0,1,1,0,0,0,1,0,0,1,0,0,0,0,0,90.35,103.8,37.92
0,1,40,1,1,0,0,0,0,0,0,1,0,0,12,1,0,0,0,0,0,0,0,1,0,0,0,0,1,1,1,0,0,0,0,0,52.2,70.97,24.79
1,0,40,1,0,1,0,0,0,0,0,0,0,1,15,0,0,0,1,0,0,0,1,1,0,0,0,0,0,0,1,0,0,1,0,0,48.86,58.51,22.2
1,0,47,1,1,0,0,0,1,0,0,0,0,0,13,0,0,0,0,0,0,0,0,1,1,0,1,0,1,0,1,1,0,0,0,1,82.29,76.28,29.31
0,0,29,1,1,0,0,0,0,1,0,0,0,0,7,1,0,0,0,0,0,0,0,1,0,0,0,0,1,0,1,1,1,0,0,0,75.57,75.68,25.07
1,0,53,0,1,0,0,0,0,0,0,1,0,0,25,0,0,0,0,0,0,0,1,1,0,0,1,1,1,0,1,1,1,0,0,0,63.35,75.75,21.1
1,0,32,1,1,0,0,0,0,0,0,1,0,0,2,0,0,0,1,0,0,0,1,0,0,0,0,0,1,0,1,1,0,0,0,0,82.15,77.59,32.24
0,0,25,1,0,0,1,0,0,0,0,1,0,0,1,0,1,0,0,1,1,0,0,0,0,0,1,0,0,0,1,0,0,1,0,0,80.27,74.06,24.42
0,0,45,1,1,0,0,0,0,0,0,1,0,0,22,0,1,1,1,0,0,1,0,0,0,1,1,1,0,0,1,0,0,0,0,1,59.88,72.73,21.49
0,1,47,1,1,0,0,0,0,1,0,0,0,0,15,1,1,1,0,0,0,0,0,1,0,0,1,1,0,0,1,0,0,0,0,0,46.05,67.55,23.42
0,1,40,1,0,0,0,1,0,1,0,0,0,0,10,1,1,1,0,0,0,1,0,0,0,1,0,1,0,1,1,1,0,1,0,0,76.24,86.26,30.91
1,1,63,0,1,0,0,0,1,0,0,0,0,0,29,1,0,0,0,1,1,0,0,1,0,0,0,0,0,1,1,0,1,0,1,0,69.14,79.3,26.52
0,0,29,1,1,0,0,0,0,0,0,0,1,0,2,0,0,0,0,0,0,1,0,0,0,1,0,1,1,1,1,0,0,0,0,0,53.46,57.76,17.9
0,0,26,1,1,0,0,0,1,0,0,0,0,0,5,0,1,1,0,0,0,0,0,1,0,1,1,0,1,1,1,0,1,0,0,0,92.7,93.52,32.21
1,1,36,1,1,0,0,0,1,0,0,0,0,0,9,1,1,1,0,0,0,0,0,0,0,1,1,1,0,0,1,0,0,1,0,1,67.52,61.82,27.53
1,0,25,1,1,0,0,0,0,1,0,0,0,0,0,0,0,0,0,1,1,0,0,0,0,0,0,0,1,0,1,0,0,1,0,1,49.25,39.19,16.88
1,1,23,1,1,0,0,0,0,0,0,0,1,0,1,1,0,0,0,0,1,0,1,0,1,0,1,0,0,0,1,0,0,0,0,0,59.29,67.32,32.13
0,0,34,1,0,1,0,0,0,0,0,0,0,1,9,0,0,0,0,1,0,0,0,0,1,1,1,0,0,1,1,0,1,0,1,0,84.44,66.53,21.41
0,1,57,0,1,0,0,0,0,0,0,1,0,0,20,0,1,1,0,0,0,1,1,0,0,0,1,0,0,0,1,1,0,0,0,0,71.74,79.25,20.1
1,0,52,0,0,0,0,1,0,1,0,0,0,0,15,0,1,0,1,0,1,0,1,1,0,1,0,0,0,0,1,0,0,0,0,1,94.2,98.28,30.11
1,0,30,1,0,1,0,0,0,0,1,0,0,0,8,0,0,0,0,0,0,1,1,0,0,1,1,1,1,0,1,0,0,0,0,0,80.97,69.69,29.08
0,1,54,0,1,0,0,0,0,0,0,0,1,0,17,0,1,1,1,0,0,0,0,1,0,0,1,1,0,0,1,0,0,0,1,0,65.59,76.85,19.14
0,1,22,1,1,0,0,0,1,0,0,0,0,0,0,0,0,0,0,0,0,1,0,0,1,0,0,0,1,0,1,0,0,0,0,0,56.78,30.13,10.85
0,0,23,1,1,0,0,0,0,1,0,0,0,0,0,0,1,0,0,1,1,0,0,0,0,0,0,0,1,0,1,0,0,1,0,0,69.31,65.92,21.17
0,0,42,1,0,1,0,0,0,0,0,0,0,1,13,1,1,1,1,1,0,0,1,0,0,0,0,0,1,0,1,0,0,0,0,0,60.11,63.06,17.63
1,0,36,1,0,0,0,1,0,1,0,0,0,0,2,0,0,0,0,0,0,1,1,0,1,0,0,0,0,0,1,0,0,0,0,1,56.33,61.54,23.41
1,1,29,1,1,0,0,0,0,0,0,0,1,0,3,0,1,1,0,0,0,0,0,1,0,1,0,1,0,0,1,0,0,0,1,0,59.37,59.63,29.05
0,0,32,1,0,0,0,1,0,0,0,0,1,0,4,0,1,0,0,0,0,0,0,0,1,1,0,1,1,0,1,0,0,0,1,0,46.43,61.5,19.4
1,0,25,1,0,0,0,1,0,0,0,0,1,0,4,0,0,0,0,0,0,0,1,0,0,1,1,0,0,0,1,1,0,0,0,0,73.8,69.4,28.96
0,1,24,1,1,0,0,0,0,1,0,0,0,0,0,0,0,0,1,0,0,0,0,1,1,0,0,0,0,0,1,1,1,0,0,0,63.23,61.26,23.3
1,0,65,0,1,0,0,0,0,1,0,0,0,0,20,1,0,0,1,1,0,0,0,0,0,0,0,1,0,0,1,0,0,0,0,0,64.73,78.79,22.32
1,0,48,1,1,0,0,0,0,1,0,0,0,0,23,1,0,0,0,0,0,1,1,0,1,0,0,1,0,0,1,0,0,0,1,0,70.06,66.94,25.57
0,0,24,1,0,1,0,0,0,0,1,0,0,0,4,0,1,1,0,1,0,0,0,1,0,0,0,1,1,0,1,0,1,0,0,0,71.13,62.39,19.76
0,1,55,0,0,0,0,1,0,1,0,0,0,0,17,1,1,1,0,0,0,1,0,0,1,1,0,0,0,0,1,0,1,0,0,0,100,83.61,21.84
1,1,35,1,1,0,0,0,0,0,0,0,1,0,12,0,1,1,0,0,1,1,0,0,0,0,0,0,0,0,1,0,0,1,0,0,96.63,82.38,35.75
1,0,28,1,1,0,0,0,0,0,0,1,0,0,0,0,0,0,1,0,0,0,0,0,1,0,0,1,1,0,1,0,0,0,0,1,72.88,52.55,22.22
0,0,47,1,1,0,0,0,0,1,0,0,0,0,12,1,0,0,0,0,1,1,1,1,0,0,0,0,0,0,1,0,0,0,0,0,49.88,65.98,18.79
1,1,29,1,1,0,0,0,0,0,0,1,0,0,4,0,0,0,0,1,0,0,0,1,1,0,0,0,0,0,1,1,1,0,0,0,79.7,71.5,33.8
1,0,47,1,1,0,0,0,1,0,0,0,0,0,10,0,1,1,1,0,0,0,1,1,0,1,0,0,0,0,1,0,0,0,0,1,66.13,73.88,28.35
1,1,37,1,1,0,0,0,0,0,0,0,1,0,4,1,1,1,0,1,0,0,1,0,1,0,0,0,0,1,1,0,0,0,0,0,46.97,57.01,25.6
1,0,22,1,1,0,0,0,1,0,0,0,0,0,0,0,0,0,1,0,1,0,0,1,1,1,0,0,1,0,1,1,0,0,0,0,48.03,33.07,14.43
1,0,37,1,1,0,0,0,1,0,0,0,0,0,6,0,1,0,0,0,0,1,0,0,0,0,1,0,0,0,1,0,0,0,0,0,54.37,52.49,19.79
1,0,33,1,1,0,0,0,0,0,0,0,1,0,3,0,0,0,0,0,1,0,0,1,1,0,0,1,0,0,1,0,0,1,0,1,69.2,55.41,23.36
0,1,47,1,1,0,0,0,0,0,0,1,0,0,15,0,0,0,1,0,1,0,1,0,1,0,0,0,0,1,1,0,0,0,0,0,86.76,74.4,26.16
1,1,33,1,1,0,0,0,0,0,0,0,1,0,0,1,0,0,0,0,0,0,0,0,0,1,0,0,0,1,1,0,0,0,0,0,100,60.85,29.54
1,0,28,1,1,0,0,0,0,0,0,0,1,0,0,0,0,0,0,0,0,0,0,0,0,1,0,1,1,0,1,0,0,0,0,0,91.51,59.88,25.15
0,1,43,1,0,1,0,0,0,0,0,0,0,1,12,0,0,0,0,0,1,1,0,0,1,0,0,0,1,1,1,0,0,0,0,0,91.38,73.21,25.68
1,0,34,1,1,0,0,0,0,0,0,0,1,0,0,1,0,0,1,0,0,0,1,0,0,0,0,0,1,1,1,1,0,1,0,0,72.24,51.48,21.79
1,0,32,1,0,0,1,0,0,1,0,0,0,0,11,0,0,0,1,0,0,0,1,0,0,0,1,1,0,1,1,1,0,0,0,0,81.09,92.81,38.32
1,0,26,1,0,1,0,0,0,0,0,0,0,1,0,0,1,0,0,0,0,1,0,0,0,1,0,0,1,0,1,0,0,0,0,1,69.02,52.2,22.08
1,0,30,1,0,1,0,0,0,0,0,0,0,1,7,0,1,1,0,0,0,0,0,0,1,0,1,0,0,0,1,0,0,0,0,0,76.23,44.93,19.17
0,0,54,0,0,1,0,0,0,0,1,0,0,0,15,1,0,0,0,0,0,0,0,0,0,1,1,0,1,0,1,0,0,1,0,1,78.81,64.78,10.31
1,1,45,1,0,1,0,0,0,0,0,0,0,1,14,1,0,0,0,0,1,1,0,0,0,1,0,0,1,1,1,0,0,1,0,0,40.29,69.57,30.63
0,0,36,1,1,0,0,0,0,0,0,0,1,0,10,1,0,0,1,0,1,0,0,1,0,0,1,1,0,0,1,0,0,0,1,0,69.75,70.52,20.61
1,0,43,1,0,0,0,1,0,1,0,0,0,0,10,1,1,0,1,0,1,0,0,0,1,0,0,0,0,1,1,1,0,0,1,0,92.49,81.29,31.31
1,0,57,0,1,0,0,0,1,0,0,0,0,0,15,1,1,0,0,0,0,0,0,0,0,1,0,0,1,1,1,0,0,0,1,0,85.55,79.52,22.61
0,1,47,1,1,0,0,0,1,0,0,0,0,0,11,0,1,0,1,0,1,0,1,0,0,0,0,0,0,0,1,0,0,0,0,0,100,82.73,29.49
0,0,48,1,0,1,0,0,0,0,0,0,0,1,10,0,0,0,0,0,0,0,0,0,1,0,0,1,1,0,1,1,0,0,0,0,75.04,75.49,22.6
0,1,45,1,0,1,0,0,0,0,0,0,0,1,16,1,0,0,0,0,0,1,0,0,0,0,0,0,0,1,1,1,0,0,0,0,42.69,56.04,18.82
1,0,47,1,0,0,1,0,0,0,0,1,0,0,12,0,0,0,0,1,0,0,0,0,1,1,0,0,0,0,1,1,0,0,0,0,90.2,103.19,40.08
1,1,36,1,0,0,0,1,0,0,0,0,1,0,14,0,0,0,0,1,0,1,0,0,0,0,0,0,1,0,1,1,0,0,0,0,66.46,70.08,30.83
0,0,63,0,0,1,0,0,0,0,1,0,0,0,24,0,1,0,0,0,0,1,1,0,1,0,1,1,0,0,1,1,0,0,0,0,89.08,69.8,12.32
1,0,29,1,0,0,0,1,0,0,0,0,1,0,6,1,1,0,0,0,0,0,0,0,1,0,0,0,0,1,1,1,1,0,0,0,57.45,56.89,23.96
1,0,31,1,1,0,0,0,1,0,0,0,0,0,2,0,0,0,0,0,0,1,1,0,1,0,1,0,1,0,1,0,0,0,0,0,46.39,45.14,19.25
0,1,57,0,1,0,0,0,0,1,0,0,0,0,22,0,0,0,0,1,0,1,0,1,1,0,0,0,0,0,1,0,0,1,0,1,62.08,93.36,25.75
1,0,44,1,1,0,0,0,0,0,0,1,0,0,13,1,0,0,0,1,1,0,0,0,1,0,0,1,0,1,1,0,1,0,0,1,50.47,77.55,29.82
0,1,22,1,1,0,0,0,0,1,0,0,0,0,0,0,1,0,1,0,1,0,0,0,0,1,0,1,1,0,1,0,1,0,0,0,66.19,49.72,18.69
0,0,32,1,1,0,0,0,1,0,0,0,0,0,4,0,1,1,0,1,1,1,0,0,1,0,0,0,0,0,1,0,0,0,0,0,64.28,61.2,19.28
1,0,42,1,0,0,0,1,0,1,0,0,0,0,15,0,0,0,1,0,0,0,0,0,0,1,1,0,0,0,1,0,0,0,0,0,93.28,110.59,43.04
0,0,42,1,1,0,0,0,0,0,0,1,0,0,10,0,0,0,1,0,1,1,0,0,0,0,1,1,0,1,1,0,1,0,0,0,87.93,71.32,20.93
0,1,48,1,1,0,0,0,0,1,0,0,0,0,15,1,0,0,0,0,1,0,0,1,0,0,0,0,0,0,1,0,0,0,0,0,90.38,105.81,38.72
0,1,24,1,0,0,0,1,0,1,0,0,0,0,3,1,0,0,1,1,0,0,0,0,0,0,0,1,0,1,1,0,0,0,0,0,100,90.43,34.97
1,0,38,1,1,0,0,0,1,0,0,0,0,0,13,1,1,1,1,0,0,0,0,0,0,0,0,0,0,1,1,1,0,0,0,0,67.54,75.85,29.14
0,1,35,1,1,0,0,0,0,0,0,0,1,0,1,0,0,0,1,1,1,0,0,0,0,0,0,0,0,0,1,0,1,0,0,0,86.08,72.93,25.57
1,1,40,1,0,0,0,1,0,0,0,0,1,0,15,0,1,1,0,0,0,0,0,0,0,1,1,1,0,1,1,0,0,0,0,0,77.01,86.64,37.46
1,1,56,0,1,0,0,0,1,0,0,0,0,0,19,1,0,0,1,0,0,1,0,0,1,1,0,0,0,0,1,0,1,0,0,1,72.97,85.26,28.91
1,0,30,1,0,0,0,1,0,0,0,1,0,0,4,1,0,0,0,1,0,0,0,0,0,1,0,1,0,0,1,0,0,0,0,0,61.93,65.75,27.5
1,1,48,1,0,1,0,0,0,0,0,0,0,1,18,0,0,0,0,0,0,0,1,0,0,0,0,1,0,1,1,1,0,0,0,1,85.59,74.59,32.64
0,1,37,1,1,0,0,0,1,0,0,0,0,0,5,0,1,1,0,0,1,0,1,1,0,0,1,0,0,1,1,0,0,0,1,1,90.94,95.88,34.75
0,1,42,1,1,0,0,0,0,1,0,0,0,0,8,0,0,0,1,0,0,0,1,0,0,0,0,0,1,1,1,0,1,0,0,0,63.57,70.29,24.52
1,0,26,1,0,0,0,1,0,0,0,0,1,0,1,0,0,0,0,1,1,0,0,0,0,0,0,0,1,1,1,1,1,0,0,0,77.22,62.6,26.24
0,0,47,1,1,0,0,0,0,0,0,0,1,0,15,1,0,0,1,0,0,0,1,1,1,0,0,0,0,0,1,0,0,1,1,0,62.65,71.92,21.17
1,0,29,1,1,0,0,0,0,0,0,0,1,0,8,0,0,0,0,1,1,1,1,0,0,0,0,1,0,0,1,0,0,0,0,0,66.43,65.6,27.44
1,0,24,1,0,0,0,1,0,0,0,1,0,0,4,0,1,0,0,1,1,0,0,0,0,0,0,0,0,0,1,1,0,0,0,1,42.91,55.44,23.38
1,0,47,1,1,0,0,0,0,1,0,0,0,0,22,1,1,0,0,0,1,0,0,0,0,0,0,0,0,0,1,0,1,1,0,0,61.74,67.6,25.84
1,0,25,1,0,1,0,0,0,0,1,0,0,0,0,0,0,0,0,1,0,0,0,0,0,1,1,1,1,0,1,0,0,0,0,0,79.74,49.86,21.14
1,1,33,1,0,1,0,0,0,0,1,0,0,0,5,0,0,0,0,1,0,0,0,0,0,0,0,1,1,0,1,0,0,0,1,0,61.23,49.79,25.12
0,0,41,1,1,0,0,0,0,0,0,0,1,0,5,0,0,0,1,0,0,1,0,0,0,0,0,1,1,0,1,0,1,0,1,0,55.28,42.45,9.38
1,0,57,0,1,0,0,0,0,0,0,0,1,0,17,0,1,0,1,0,1,1,0,0,0,0,0,1,0,1,1,0,1,0,1,0,76.99,79.34,22.54
0,1,42,1,1,0,0,0,0,1,0,0,0,0,6,1,1,1,0,1,0,0,0,0,1,0,0,0,0,1,1,0,0,1,0,0,61.04,77.89,27.55
1,1,27,1,1,0,0,0,0,0,0,0,1,0,4,0,0,0,0,1,1,0,0,1,0,0,1,1,0,1,1,1,0,0,0,1,92.51,75.99,35.6
1,1,49,1,0,0,0,1,0,0,0,1,0,0,21,0,1,0,1,0,0,1,0,1,0,0,0,1,0,1,1,0,0,0,0,0,74.4,72.84,31.94
1,1,29,1,1,0,0,0,0,0,0,0,1,0,1,0,1,1,0,0,0,0,0,1,0,1,0,0,0,1,1,0,0,0,0,0,58.54,71.63,33.85
1,0,22,1,0,1,0,0,0,0,0,0,0,1,2,0,1,0,1,1,0,1,0,0,0,0,0,0,0,0,1,0,0,0,0,0,100,48.76,20.7
1,0,25,1,1,0,0,0,0,1,0,0,0,0,0,1,1,1,0,0,1,0,0,1,0,0,0,0,1,1,1,0,0,0,1,0,50.38,55.77,23.51
1,1,37,1,0,0,0,1,0,0,0,0,1,0,4,0,1,1,1,0,0,1,1,0,0,0,1,0,0,0,1,0,0,0,0,0,49.5,61.29,27.32
1,1,26,1,0,0,0,1,0,1,0,0,0,0,3,0,0,0,1,0,0,0,0,1,1,1,1,0,0,0,1,0,0,1,0,0,69.55,71.42,33.77
1,0,25,1,0,1,0,0,0,0,1,0,0,0,0,0,0,0,0,0,0,1,0,0,1,0,0,0,1,0,1,0,0,0,0,0,86.87,44.64,19.06
1,1,43,1,0,0,0,1,0,0,0,1,0,0,10,1,1,0,0,1,0,0,1,0,1,0,1,0,0,0,1,0,0,1,0,0,82.47,90.91,39.16
1,1,28,1,1,0,0,0,0,0,0,0,1,0,6,0,1,1,0,0,0,1,0,0,1,0,1,0,0,0,1,0,0,0,1,0,47.95,62.27,30.11
1,0,55,0,1,0,0,0,0,0,0,0,1,0,15,0,1,1,1,0,0,0,0,0,0,0,0,0,1,0,1,0,0,0,0,1,70.03,83.59,24.24
1,0,26,1,1,0,0,0,0,0,0,1,0,0,5,0,1,0,0,0,1,1,0,1,0,0,1,1,0,0,1,0,0,0,0,0,100,83.37,34.55
1,1,60,0,1,0,0,0,0,0,0,1,0,0,22,1,0,0,1,0,0,0,1,1,0,0,0,1,0,0,1,0,0,0,0,0,58.77,68.72,22.29
1,1,64,0,0,0,1,0,0,0,0,1,0,0,25,1,0,0,0,1,0,1,0,0,0,0,0,0,1,0,1,0,0,0,0,0,59.41,87.6,29.84
1,1,54,0,0,0,0,1,0,0,0,1,0,0,22,0,1,0,1,0,0,0,1,1,0,1,0,0,0,1,1,0,0,0,0,0,90.28,90.37,30.95
1,1,42,1,0,0,0,1,0,1,0,0,0,0,9,0,1,1,0,0,0,0,0,0,1,0,0,0,0,0,1,1,0,0,0,0,96.46,86.37,37.35
0,1,30,1,1,0,0,0,0,1,0,0,0,0,3,0,1,1,0,1,0,0,0,0,0,1,0,0,0,0,1,0,0,1,0,0,66.21,58.62,22.25
1,0,37,1,0,1,0,0,0,0,0,0,0,1,3,1,1,0,0,0,0,0,0,1,0,1,1,1,0,0,1,0,0,1,0,0,76.89,65.67,25.07
0,1,42,1,0,1,0,0,0,0,0,0,0,1,11,0,0,0,1,0,1,0,0,0,0,1,0,1,1,1,1,0,0,0,0,0,93.18,65.47,22.59
0,1,35,1,1,0,0,0,0,1,0,0,0,0,10,0,1,0,1,0,0,0,0,0,0,1,0,1,1,0,1,0,0,0,0,0,74.92,83.52,29.81
0,1,23,1,1,0,0,0,0,0,0,1,0,0,0,0,1,0,0,0,0,1,0,1,0,0,0,0,0,0,1,0,0,1,0,0,84.29,73.56,28.23
0,1,30,1,0,0,0,1,0,0,0,0,1,0,5,0,0,0,0,0,0,1,0,1,0,0,0,1,0,1,1,0,0,0,0,0,70.8,64.68,24.67
1,0,57,0,1,0,0,0,1,0,0,0,0,0,17,1,1,1,0,0,1,1,0,0,0,1,0,0,0,0,1,0,0,0,0,0,73.29,76.08,21.23
0,0,28,1,1,0,0,0,0,0,0,1,0,0,2,0,0,0,0,1,0,0,0,0,0,1,0,0,1,0,1,0,0,1,0,1,73.27,48.2,14.08
0,1,51,0,1,0,0,0,0,0,0,0,1,0,9,0,1,0,0,0,0,0,1,1,1,0,0,1,0,0,1,0,1,1,0,0,71.47,87.88,23.55
1,0,36,1,0,0,0,1,0,0,0,0,1,0,2,0,1,1,0,0,1,0,0,0,0,1,1,1,1,0,1,0,0,1,1,0,84.36,65.71,25.09
1,1,23,1,0,1,0,0,0,0,1,0,0,0,0,0,0,0,1,0,0,0,0,1,1,1,1,0,0,1,1,1,1,0,0,0,72.18,63.93,30.77
0,1,50,0,0,0,0,1,0,0,0,1,0,0,21,0,0,0,1,0,0,1,0,0,0,0,1,1,0,0,1,1,0,0,0,1,100,86.42,22.97
1,0,24,1,1,0,0,0,1,0,0,0,0,0,4,0,1,1,1,0,0,1,0,0,0,1,0,0,0,0,1,0,0,0,0,0,53.42,48.97,20.79
0,1,38,1,0,0,0,1,0,0,0,0,1,0,9,1,1,1,0,1,1,0,0,0,0,1,0,0,0,0,1,0,0,1,1,0,74.97,91.83,33.13
0,0,34,1,1,0,0,0,1,0,0,0,0,0,3,1,0,0,1,0,0,0,0,1,0,1,0,0,0,1,1,0,0,0,0,0,87.14,70,22.8
0,1,47,1,1,0,0,0,0,0,0,0,1,0,9,1,1,1,0,0,0,0,1,0,0,1,0,0,0,0,1,1,0,0,0,0,86.06,70.63,24.65
0,1,38,1,0,1,0,0,0,0,0,0,0,1,11,0,1,1,0,0,0,0,0,1,1,0,0,0,0,0,1,0,0,0,0,0,73.53,48.11,15.64
0,0,25,1,0,0,1,0,0,0,0,1,0,0,3,0,1,1,1,1,0,1,0,0,0,0,1,1,0,0,1,0,0,0,0,0,71.5,83.66,28.26
1,0,31,1,0,0,1,0,0,0,0,1,0,0,3,0,1,0,1,1,1,0,1,0,0,1,0,0,0,0,1,0,0,0,1,0,82.65,78.78,32.71
0,0,24,1,1,0,0,0,0,0,0,0,1,0,4,1,1,1,0,0,0,1,1,0,0,0,0,1,0,1,1,1,0,0,0,0,40.1,48.73,14.29
1,0,34,1,1,0,0,0,0,0,0,1,0,0,9,0,0,0,0,1,0,1,1,0,0,0,0,0,0,1,1,0,0,1,0,0,82.92,59.42,24.97
1,1,41,1,0,1,0,0,0,0,0,0,0,1,10,0,1,1,1,0,0,0,1,0,0,0,1,0,0,1,1,0,0,0,0,0,68.4,56.27,25.31
1,1,50,0,1,0,0,0,1,0,0,0,0,0,12,0,0,0,0,0,1,1,0,0,0,0,1,1,1,1,1,0,0,1,0,0,65.71,61.17,19.27
1,0,32,1,1,0,0,0,0,0,0,0,1,0,1,0,1,0,0,0,0,1,0,0,0,0,0,0,0,1,1,0,1,0,0,1,84.86,62.02,26.01
0,1,34,1,0,1,0,0,0,0,1,0,0,0,3,1,0,0,0,0,1,1,0,0,0,1,1,0,1,0,1,0,1,0,0,0,67.76,59.84,22.73
1,1,38,1,1,0,0,0,1,0,0,0,0,0,6,0,0,0,0,0,0,0,0,0,0,1,1,0,1,0,1,0,0,0,0,0,57.96,47.26,21.7
0,1,26,1,0,0,0,1,0,0,0,0,1,0,5,0,0,0,1,1,0,0,0,0,1,0,0,1,0,0,1,1,1,0,0,0,44.58,51.72,19.49
1,1,36,1,0,0,0,1,0,0,0,1,0,0,7,0,0,0,1,0,0,1,0,1,0,0,0,0,0,0,1,0,0,0,0,0,62.21,68.42,30.17
0,0,48,1,1,0,0,0,1,0,0,0,0,0,19,0,1,0,0,1,0,1,0,0,1,1,1,0,0,0,1,0,0,1,0,1,92.73,89.45,28.18
0,1,48,1,0,0,1,0,0,1,0,0,0,0,14,1,1,1,0,1,0,0,1,0,0,0,1,1,0,0,1,0,0,0,0,0,55.97,102.28,37.31
1,0,36,1,0,0,0,1,0,0,0,1,0,0,3,0,1,1,0,0,1,1,0,0,0,0,1,1,0,0,1,0,0,0,0,0,96.37,93.88,36.35
1,1,46,1,1,0,0,0,0,0,0,0,1,0,17,0,1,0,0,0,0,0,1,1,1,0,0,0,0,0,1,0,0,0,0,0,76.03,89.56,38.63
1,1,24,1,0,0,0,1,0,0,0,0,1,0,0,0,0,0,1,1,0,0,0,0,0,0,0,1,0,1,1,0,0,0,1,0,87.11,79.91,37.16
1,1,45,1,0,0,1,0,0,1,0,0,0,0,14,0,1,0,0,1,0,1,0,0,0,0,0,0,0,0,1,0,0,0,0,0,68.26,89.14,38.45
0,0,39,1,1,0,0,0,0,1,0,0,0,0,7,0,1,0,0,0,0,0,1,0,0,1,0,0,0,1,1,0,0,0,0,0,87.3,68.08,19.63
1,1,22,1,1,0,0,0,0,1,0,0,0,0,2,0,0,0,1,0,0,0,0,1,0,0,0,1,0,0,1,0,0,0,0,0,26.18,49.75,25.1
1,0,28,1,1,0,0,0,1,0,0,0,0,0,5,0,0,0,0,0,1,1,1,0,1,0,0,1,1,0,1,0,0,1,0,0,83.73,72.8,30.32
0,1,27,1,0,1,0,0,0,0,1,0,0,0,7,1,1,0,0,0,1,0,0,0,1,0,0,1,1,0,1,0,0,0,1,0,72.9,63.68,24.27
0,1,46,1,1,0,0,0,0,1,0,0,0,0,13,0,0,0,1,0,1,0,1,0,0,0,1,1,0,0,1,0,0,0,1,1,95.19,88.89,31.96
1,1,45,1,0,0,0,1,0,0,0,0,1,0,19,1,0,0,0,0,1,0,0,0,0,1,0,1,0,1,1,0,1,0,1,0,55.58,79.52,34.61
0,0,44,1,0,1,0,0,0,0,0,0,0,1,21,0,1,0,0,0,0,1,1,0,0,1,1,0,0,0,1,0,0,1,1,0,67.95,70.1,20.44
1,1,44,1,0,1,0,0,0,0,0,0,0,1,17,0,1,0,0,1,0,0,1,0,0,0,0,1,0,0,1,0,0,0,1,1,80.62,69.26,30.5
1,1,37,1,0,0,0,1,0,0,0,1,0,0,14,0,1,1,1,0,0,0,0,0,0,1,0,0,0,1,1,1,0,0,0,1,71.1,76.25,33.3
1,1,41,1,1,0,0,0,1,0,0,0,0,0,12,0,0,0,1,1,0,0,1,0,0,0,1,1,1,0,1,1,1,0,0,0,57.88,67.59,29.84
1,1,49,1,1,0,0,0,0,1,0,0,0,0,19,0,1,0,1,0,0,0,0,0,1,0,0,1,1,0,1,0,0,1,1,0,81.33,86.12,37.25
1,0,33,1,1,0,0,0,0,0,0,0,1,0,0,0,1,0,1,1,0,0,0,0,0,0,0,0,1,0,1,0,0,0,0,0,88.77,69.19,28.88
1,1,53,0,0,0,1,0,0,1,0,0,0,0,21,0,1,1,0,0,1,0,0,0,1,0,0,0,0,0,1,0,0,0,1,0,74.97,101.45,35.38
1,1,31,1,1,0,0,0,0,1,0,0,0,0,11,0,0,0,0,0,1,1,0,0,0,0,0,0,1,1,1,0,1,0,0,0,61.29,52.75,26.3
1,1,30,1,0,1,0,0,0,0,0,0,0,1,6,1,1,1,0,1,1,0,1,1,0,0,0,0,0,0,1,0,0,0,0,0,96.83,66.3,31.72
1,1,29,1,0,1,0,0,0,0,0,0,0,1,5,1,1,1,0,0,0,0,0,0,0,1,1,0,1,0,1,0,0,1,0,1,64.41,52.42,26.17
1,1,30,1,1,0,0,0,0,0,0,0,1,0,3,0,0,0,0,1,0,1,1,0,0,0,1,0,0,0,1,0,0,0,0,0,74.38,52.03,26.01
1,0,34,1,1,0,0,0,0,0,0,1,0,0,14,1,1,1,0,0,0,0,0,0,0,0,1,0,0,1,1,0,0,0,1,0,84.34,95.74,39.49
1,0,39,1,0,1,0,0,0,0,0,0,0,1,8,0,0,0,0,0,1,1,1,0,0,1,0,0,1,1,1,1,0,0,0,0,100,65.7,25.08
1,0,59,0,1,0,0,0,0,0,0,0,1,0,28,0,1,1,0,0,1,0,0,0,0,0,0,1,0,0,1,1,0,1,0,0,68.91,60.05,14.82
1,1,29,1,1,0,0,0,0,0,0,1,0,0,0,0,1,1,1,1,0,0,1,0,0,1,1,0,0,0,1,1,1,0,0,0,71.78,66.89,31.95
0,0,61,0,0,1,0,0,0,0,0,0,0,1,26,1,1,1,0,0,1,1,0,0,0,1,0,0,0,0,1,0,1,0,0,0,77.16,73.29,13.72
0,0,22,1,1,0,0,0,1,0,0,0,0,0,0,1,1,1,1,0,0,1,0,0,0,1,1,0,0,0,1,0,0,0,0,0,66.75,55.77,17.11
0,1,57,0,0,0,1,0,0,0,0,1,0,0,22,0,0,0,0,0,0,1,0,0,0,1,1,0,1,0,1,1,0,0,1,0,56.25,86.5,23
1,1,32,1,0,0,1,0,0,0,0,1,0,0,7,1,1,0,0,0,0,0,0,0,0,0,1,1,1,0,1,0,0,0,0,1,64.46,78,36.4
0,0,38,1,1,0,0,0,1,0,0,0,0,0,11,0,1,1,0,0,0,0,0,0,1,0,0,1,0,0,1,0,0,0,1,0,73.79,76.05,22.82
1,1,32,1,1,0,0,0,0,0,0,1,0,0,4,0,1,0,0,0,1,0,0,0,0,0,1,0,0,0,1,0,1,0,1,0,75.49,75.97,35.59
0,0,33,1,1,0,0,0,0,0,0,0,1,0,5,0,0,0,0,0,0,0,0,1,1,0,0,0,1,0,1,1,1,0,0,0,78.15,76.59,25.44
1,0,45,1,0,0,0,1,0,0,0,0,1,0,20,1,0,0,0,0,1,0,1,1,0,0,0,0,0,0,1,0,0,0,0,0,87.9,92.85,35.94
1,0,22,1,1,0,0,0,0,0,0,1,0,0,2,0,0,0,0,1,0,0,0,1,0,0,0,1,0,0,1,0,0,0,0,0,78.81,55.75,23.5
1,0,23,1,1,0,0,0,1,0,0,0,0,0,3,1,1,1,0,0,0,1,0,1,0,1,0,0,0,0,1,0,0,0,0,0,82.65,73.53,30.61
1,0,59,0,1,0,0,0,1,0,0,0,0,0,23,0,1,1,0,0,1,0,1,1,1,0,1,0,0,0,1,0,0,0,0,1,64.3,64.13,16.45
1,1,56,0,0,1,0,0,0,0,0,0,0,1,16,0,1,1,1,1,0,0,0,0,0,0,0,0,0,0,1,0,0,0,0,0,82.77,65.45,20.98
0,0,24,1,1,0,0,0,0,0,0,1,0,0,0,0,1,1,0,1,0,1,0,0,1,0,1,0,0,0,1,0,0,0,0,0,91.06,67.8,21.92
1,0,43,1,0,1,0,0,0,0,1,0,0,0,15,0,1,0,0,1,0,1,1,0,0,0,0,0,0,0,1,0,1,0,1,0,72.07,71.31,27.32
1,0,43,1,1,0,0,0,1,0,0,0,0,0,19,0,0,0,0,0,1,0,0,0,1,1,1,0,0,0,1,0,1,0,0,1,85.78,86.26,33.3
1,1,41,1,1,0,0,0,0,0,0,0,1,0,14,1,1,0,1,1,0,0,0,0,1,0,1,0,0,0,1,1,0,0,1,0,79.86,89.08,38.43
1,1,52,0,0,0,1,0,0,0,0,1,0,0,17,0,1,1,1,1,0,0,0,0,0,0,0,1,1,0,1,0,0,0,0,0,75.16,82.63,27.85
1,0,23,1,0,0,0,1,0,0,0,1,0,0,3,0,1,1,0,0,0,0,0,0,0,0,0,1,0,0,1,0,0,1,1,0,58.02,53.42,22.57
1,1,36,1,0,0,0,1,0,0,0,0,1,0,11,1,1,0,0,1,0,0,0,1,1,0,0,0,0,0,1,0,0,0,0,0,100,83.69,36.28
0,1,27,1,1,0,0,0,1,0,0,0,0,0,0,1,1,1,0,1,0,0,1,1,1,0,0,0,0,0,1,0,1,0,0,1,100,68.34,26.14
1,1,24,1,1,0,0,0,0,1,0,0,0,0,0,0,0,0,1,0,0,0,0,0,1,1,1,1,0,0,1,0,0,0,1,0,47.69,61.96,29.99
1,1,24,1,0,0,0,1,0,0,0,1,0,0,0,0,0,0,1,1,0,1,0,1,0,0,1,0,0,0,1,1,0,0,0,0,52.78,59.23,28.89
1,0,26,1,1,0,0,0,0,1,0,0,0,0,0,0,1,0,1,0,0,0,0,0,0,0,1,0,0,0,1,0,0,0,0,0,74.89,50.69,21.48
1,1,24,1,1,0,0,0,0,1,0,0,0,0,0,1,0,0,0,0,0,1,1,1,0,0,0,1,0,0,1,0,1,0,0,1,76.64,69.57,33.03
1,1,29,1,1,0,0,0,0,1,0,0,0,0,0,1,0,0,1,0,0,1,0,0,1,0,1,0,0,1,1,0,0,1,0,1,70.5,55.31,27.33
1,1,38,1,1,0,0,0,0,1,0,0,0,0,9,0,1,1,1,0,0,0,0,1,0,1,0,1,0,1,1,0,0,0,0,0,82.14,100,42.8
0,1,27,1,1,0,0,0,1,0,0,0,0,0,0,0,0,0,0,0,0,1,1,0,0,0,0,0,0,1,1,0,0,0,0,0,100,67.5,25.8
1,0,40,1,1,0,0,0,0,0,0,1,0,0,7,0,0,0,0,1,0,0,1,0,0,0,0,0,0,1,1,0,0,1,0,0,100,93.37,36.15
1,1,38,1,1,0,0,0,0,0,0,1,0,0,10,1,0,0,0,0,0,0,1,1,0,1,0,0,0,1,1,1,0,0,1,0,89.86,79.52,34.61
1,1,27,1,1,0,0,0,1,0,0,0,0,0,5,1,1,1,0,0,1,0,0,0,0,0,0,0,0,1,1,0,0,1,0,0,64,59.64,29.06
0,1,22,1,0,1,0,0,0,0,1,0,0,0,0,0,1,1,0,0,0,0,0,1,0,0,0,0,1,0,1,1,0,0,0,0,100,74.86,28.74
1,1,49,1,1,0,0,0,0,0,0,1,0,0,11,0,0,0,1,1,1,1,1,0,0,0,0,0,0,0,1,0,0,0,1,0,81.75,72.83,31.93
0,1,24,1,1,0,0,0,0,1,0,0,0,0,0,0,1,1,0,0,1,0,1,0,0,1,1,0,1,0,1,1,0,0,1,0,69.01,65,24.8
1,0,27,1,0,0,0,1,0,1,0,0,0,0,1,1,1,1,0,0,1,1,0,0,0,0,0,1,0,0,1,0,0,0,0,0,79.31,64.58,27.03
1,0,24,1,0,0,0,1,0,0,0,1,0,0,0,0,1,0,0,0,0,1,1,1,0,0,0,1,0,0,1,0,1,1,0,0,86,69.41,28.96
1,0,34,1,0,0,0,1,0,0,0,0,1,0,2,1,1,1,0,0,0,0,0,0,0,1,0,0,1,1,1,0,0,0,0,1,100,97.16,40.06
0,0,22,1,0,1,0,0,0,0,0,0,0,1,0,1,0,0,0,0,0,1,0,0,1,0,1,0,0,1,1,0,0,1,0,0,67.56,63.36,20.15
1,0,26,1,1,0,0,0,0,0,0,0,1,0,0,0,1,1,0,0,0,0,0,1,1,0,1,0,0,0,1,0,0,0,0,0,87.8,65.24,27.3
0,1,38,1,0,1,0,0,0,0,1,0,0,0,9,0,0,0,1,0,0,1,0,0,0,1,0,0,1,0,1,1,0,0,0,0,71.25,57.82,19.53