uid,applicant_id,session_id,timestamp,hired
ce149f0b-1227-422c-98e4-bf06d6db2cdc,198,UFjp6fSIWNN4j1G4AAAB,2026-06-02T17:21:24.300804+00:00,1
4219c6c2-9bea-4d69-af88-009623f6fbad,266,UFjp6fSIWNN4j1G4AAAB,2026-06-02T17:21:25.948011+00:00,0
93381962-4117-4423-aff1-2c440c442db3,211,UFjp6fSIWNN4j1G4AAAB,2026-06-02T17:21:35.562897+00:00,0
c32bf758-7b49-4127-a0db-68b356a2f0d8,352,UFjp6fSIWNN4j1G4AAAB,2026-06-02T17:21:38.863590+00:00,1
41aa3259-01e0-46cf-ab47-55bac8ed15a2,231,UFjp6fSIWNN4j1G4AAAB,2026-06-02T17:21:41.195047+00:00,1
bbe67ffa-cdca-499d-85e0-04e99566380f,904,2kswv9-qCOelc2W-AAAB,2026-06-05T19:39:40.711123+00:00,1
2afd3b0f-0d92-4837-9f9c-ee36f8d13dad,102,2kswv9-qCOelc2W-AAAB,2026-06-05T19:39:45.361186+00:00,0
28e89300-61a2-47f5-8f16-3baad22dbd69,635,2kswv9-qCOelc2W-AAAB,2026-06-05T19:39:49.485077+00:00,0
5b90917b-d22b-4b7c-91c4-17f7e2a3fbbe,57,2kswv9-qCOelc2W-AAAB,2026-06-05T19:39:51.243391+00:00,1
81fea076-8cae-4ded-b1da-e915ad22dab5,525,2kswv9-qCOelc2W-AAAB,2026-06-05T19:39:56.294873+00:00,0
473e3ccc-85e2-4b62-be28-55300fe117d1,799,2kswv9-qCOelc2W-AAAB,2026-06-05T19:39:58.725486+00:00,1
ecd19d64-09f6-4756-b103-16943fda846d,558,2kswv9-qCOelc2W-AAAB,2026-06-05T19:40:04.621871+00:00,1
1d893e60-67f1-46bc-8562-3f26baf4e96b,3,2kswv9-qCOelc2W-AAAB,2026-06-05T19:40:08.251979+00:00,0
32085aae-061b-40ac-97cd-4c9a476712d2,336,2kswv9-qCOelc2W-AAAB,2026-06-05T19:40:13.117365+00:00,1
0be4cd7c-be53-407b-9bdb-f463eb284ab2,737,2kswv9-qCOelc2W-AAAB,2026-06-05T19:40:16.354569+00:00,1
4daf4455-d96e-400a-af20-bd4aace10795,520,2kswv9-qCOelc2W-AAAB,2026-06-05T19:40:20.641502+00:00,1
6742dcdc-3b44-49b3-b6d6-4532a709c139,46,2kswv9-qCOelc2W-AAAB,2026-06-05T19:40:24.126989+00:00,0
7bbaaf0d-4cac-4deb-9a79-be532b43256c,843,2kswv9-qCOelc2W-AAAB,2026-06-05T19:40:28.176605+00:00,0
f3a09995-b568-4455-a1bf-3be9018ceb95,102,mR5y9zrim1ISGeu2AAAB,2026-06-08T20:04:45.499597+00:00,1
70da9e8a-417a-41e7-9d14-5ea2f5dc52f3,695,mR5y9zrim1ISGeu2AAAB,2026-06-08T20:04:48.651594+00:00,1
500443f5-2334-4041-8c79-622cf08409c6,904,mR5y9zrim1ISGeu2AAAB,2026-06-08T20:04:55.227693+00:00,1
7af02b7f-b043-4cbd-a2fa-547a9aa53972,635,mR5y9zrim1ISGeu2AAAB,2026-06-08T20:04:58.125312+00:00,0
fc3727d4-9209-41f1-af32-4e9a7ff0deb1,646,mR5y9zrim1ISGeu2AAAB,2026-06-08T20:05:04.908725+00:00,0
7e1ad6a4-c236-4e45-8076-ab0e7b53620d,3,mR5y9zrim1ISGeu2AAAB,2026-06-08T20:05:07.436066+00:00,0
a4ee9916-4f6d-4d81-abcd-167724669a46,799,mR5y9zrim1ISGeu2AAAB,2026-06-08T20:05:10.180619+00:00,1
aa58178c-b340-4c32-bc80-870e932feeb7,843,mR5y9zrim1ISGeu2AAAB,2026-06-08T20:05:14.446746+00:00,0
65169290-b3bf-489c-902b-cee0ef2312ec,520,mR5y9zrim1ISGeu2AAAB,2026-06-08T20:05:20.984379+00:00,1
0ec3b7bb-da88-40c7-97fd-38ed011f1da1,536,mR5y9zrim1ISGeu2AAAB,2026-06-08T20:05:24.582185+00:00,0
37559562-92ea-47a3-8f32-43ea83a3c9a4,6,mR5y9zrim1ISGeu2AAAB,2026-06-08T20:05:27.078250+00:00,1
9daf2fbd-d89f-4cf6-87c3-fecffc351d09,487,mR5y9zrim1ISGeu2AAAB,2026-06-08T20:05:30.685821+00:00,1
e6ce33aa-d82f-4e77-a47c-3032a5e7b682,964,mR5y9zrim1ISGeu2AAAB,2026-06-08T20:05:32.926917+00:00,1
14cc1939-863a-460d-bf9f-f7e410e55e74,46,mR5y9zrim1ISGeu2AAAB,2026-06-08T20:05:34.144434+00:00,1
ea7f884b-c2ef-462a-93bc-fb9c118fc42b,57,mR5y9zrim1ISGeu2AAAB,2026-06-08T20:05:38.641517+00:00,1
933075a0-7572-49c4-9804-c4c7f32a74ec,558,mR5y9zrim1ISGeu2AAAB,2026-06-08T20:05:47.583396+00:00,0
668c3dde-2025-4245-bc54-4cbfe638115a,844,mR5y9zrim1ISGeu2AAAB,2026-06-08T20:05:52.071116+00:00,1
8f6d1b0e-e987-4f8f-95dd-2dc584bd8fe2,759,mR5y9zrim1ISGeu2AAAB,2026-06-08T20:05:56.952702+00:00,0
58a82af4-c733-4189-b0a6-27f1ead5d846,108,mR5y9zrim1ISGeu2AAAB,2026-06-08T20:05:59.255152+00:00,0
e41888c4-bdb4-49ec-b610-8943bf8acf9d,525,mR5y9zrim1ISGeu2AAAB,2026-06-08T20:06:02.159236+00:00,1
aaeb2963-c2d5-42f5-aa83-aef5790d27e3,336,mR5y9zrim1ISGeu2AAAB,2026-06-08T20:06:07.208868+00:00,1
10eac987-6f0e-4138-bf1c-4fe84d0822d5,397,mR5y9zrim1ISGeu2AAAB,2026-06-08T20:06:12.775407+00:00,0
4038d720-f540-4eff-ae62-8e0b931dab4b,737,mR5y9zrim1ISGeu2AAAB,2026-06-08T20:06:16.417663+00:00,1
4267811f-167b-40a5-9d0d-59b1a79d29f6,100000,mR5y9zrim1ISGeu2AAAB,2026-06-08T20:06:18.303676+00:00,1
b81abd59-695b-4149-b119-a03e37c8afa3,737,lkjEckNlhqXQJTvfAAAB,2026-06-08T20:40:41.172839+00:00,1
d4445af5-38e1-4a48-85ec-3126173fc700,100000,lkjEckNlhqXQJTvfAAAB,2026-06-08T20:40:41.733662+00:00,1
fc48ef95-deba-4ffa-b594-53823ebc22e2,336,lkjEckNlhqXQJTvfAAAB,2026-06-08T20:40:42.355874+00:00,1
62922f23-9e6d-4a7c-8166-ad430711e1b2,843,lkjEckNlhqXQJTvfAAAB,2026-06-08T20:40:45.534536+00:00,1
55cf488f-5e77-4495-abf6-96705fa896f7,635,lkjEckNlhqXQJTvfAAAB,2026-06-08T20:40:46.360633+00:00,0
dec4162f-810b-48c8-96c2-c71ed2f1d110,3,0kABMkIheSqz4WHtAAAH,2026-06-08T20:42:50.358493+00:00,1
b246e129-a0dc-4ee4-9bf3-e94681c0750b,904,Pi8Vo1uSUOcR1FsvAAAh,2026-06-09T18:39:16.520249+00:00,1
cb15c815-3280-4a2a-a53c-21423e24c6ff,558,Pi8Vo1uSUOcR1FsvAAAh,2026-06-09T18:39:25.453905+00:00,0
6bb9340c-1b74-4f5f-b1e0-754eb45fbb8f,102,Pi8Vo1uSUOcR1FsvAAAh,2026-06-09T18:39:30.321734+00:00,1
5651bd71-6a98-4689-9581-2f672bee3208,737,_SArPZILe7oKtuHjAAAN,2026-06-10T01:29:14.241837+00:00,0
f7807db7-775d-4bb3-a1c9-9f805e53d570,6,_SArPZILe7oKtuHjAAAN,2026-06-10T01:29:23.803899+00:00,0
1b1949c8-2f9a-4a43-a511-1891a0e32e76,397,_SArPZILe7oKtuHjAAAN,2026-06-10T01:29:28.761370+00:00,0
2a7d5485-ec2f-4e4a-87fd-edd0402edbdd,108,_SArPZILe7oKtuHjAAAN,2026-06-10T01:29:34.963888+00:00,1
f43b8482-7525-4528-8ab0-9e34ddab43b9,904,_SArPZILe7oKtuHjAAAN,2026-06-10T01:29:44.124239+00:00,1
e4f66138-d4ec-40aa-8abd-f31f41f6f719,635,_SArPZILe7oKtuHjAAAN,2026-06-10T01:29:50.482381+00:00,0
678a4cdc-43d5-419f-b0a2-d56e146120ff,759,_SArPZILe7oKtuHjAAAN,2026-06-10T01:29:56.596563+00:00,0
aa2e7123-64b6-4f7c-8c68-7688d2cbea88,102,_SArPZILe7oKtuHjAAAN,2026-06-10T01:30:00.121804+00:00,1
da9191e6-fdc9-46eb-825e-a3a7347c5cb7,3,_SArPZILe7oKtuHjAAAN,2026-06-10T01:30:04.807246+00:00,0
67bde186-7bd2-46d9-9f33-8dee5ab2b917,57,_SArPZILe7oKtuHjAAAN,2026-06-10T01:30:09.692322+00:00,1
05ccbe1f-db2d-4ff5-bd03-63f9ff1524b8,964,_SArPZILe7oKtuHjAAAN,2026-06-10T01:30:14.316966+00:00,1
a697078e-0fc1-4deb-be07-ad5ed94b93cd,46,_SArPZILe7oKtuHjAAAN,2026-06-10T01:30:18.282019+00:00,1
59baf9bd-857a-46e3-bec2-f34145d086ef,844,_SArPZILe7oKtuHjAAAN,2026-06-10T01:30:23.638027+00:00,1
96d3aa05-0018-43c8-ad06-7b1eef6193dc,536,_SArPZILe7oKtuHjAAAN,2026-06-10T01:30:31.161794+00:00,1
ac8c0c61-a70c-4228-a30b-4cf722fca8d9,558,_SArPZILe7oKtuHjAAAN,2026-06-10T01:30:35.960817+00:00,1
50fb13e7-99a6-4e9e-8092-4990ac1884de,525,_SArPZILe7oKtuHjAAAN,2026-06-10T01:30:44.556478+00:00,1
8455e254-ebdb-4bd7-8b11-9219575305a0,520,_SArPZILe7oKtuHjAAAN,2026-06-10T01:30:47.636555+00:00,0
9e74a064-8ef8-472a-bcb5-49e551f1b645,100000,_SArPZILe7oKtuHjAAAN,2026-06-10T01:30:51.036771+00:00,1
93f438ae-37e5-483c-832b-0b897f26b19e,336,_SArPZILe7oKtuHjAAAN,2026-06-10T01:30:55.289282+00:00,1
2ed76990-0178-48c7-8a91-b0fa01249eb0,646,_SArPZILe7oKtuHjAAAN,2026-06-10T01:31:03.597330+00:00,1
73e03adc-d712-4a3b-9baa-23d818c8acbf,695,_SArPZILe7oKtuHjAAAN,2026-06-10T01:31:08.681973+00:00,1
9f849af1-e4ba-4c72-891c-a03b64326ecd,799,_SArPZILe7oKtuHjAAAN,2026-06-10T01:31:14.202046+00:00,0
f96cb2b4-5aed-4cb2-a936-750260bd5d65,843,_SArPZILe7oKtuHjAAAN,2026-06-10T01:31:19.282335+00:00,0
bb9e8517-3faa-44a7-84e4-b1959e12cb89,487,_SArPZILe7oKtuHjAAAN,2026-06-10T01:31:21.444430+00:00,0
7406375b-361f-473a-8201-8e7fec8164fa,904,jQOCDTVtWOSq4GW5AAAl,2026-06-10T13:42:17.217028+00:00,1
818fb3c5-6bbd-4840-bfdb-7edf10a44227,336,jQOCDTVtWOSq4GW5AAAl,2026-06-10T13:42:24.596074+00:00,1
22d6dbfc-038d-47b3-8946-4195d13851b3,397,jQOCDTVtWOSq4GW5AAAl,2026-06-10T13:42:30.793548+00:00,1
e951d974-0fe7-4acc-be7b-9ea32efe5ae3,525,jQOCDTVtWOSq4GW5AAAl,2026-06-10T13:42:36.590650+00:00,1
6424f569-b100-45b8-afc1-a9505ca14c87,536,jQOCDTVtWOSq4GW5AAAl,2026-06-10T13:42:42.871434+00:00,1
eb663e0a-0a71-4218-b5ba-d6fbf2a8c26e,6,jQOCDTVtWOSq4GW5AAAl,2026-06-10T13:42:47.255411+00:00,1
b46cf5fc-f752-48fc-8e16-b2bb259e74d1,635,jQOCDTVtWOSq4GW5AAAl,2026-06-10T13:42:52.328430+00:00,1
7e7e8b81-b205-4a1e-bfad-8502fadec7fd,646,jQOCDTVtWOSq4GW5AAAl,2026-06-10T13:42:59.183571+00:00,1
948c0702-e498-49b8-a366-02a2f07690f2,964,jQOCDTVtWOSq4GW5AAAl,2026-06-10T13:43:04.904921+00:00,1
7eb8967b-983c-4dc7-ac12-ec1e00b88fbc,737,jQOCDTVtWOSq4GW5AAAl,2026-06-10T13:43:09.021590+00:00,1
c63c71d4-0341-447a-8cd4-adb1ef755a7a,487,jQOCDTVtWOSq4GW5AAAl,2026-06-10T13:43:12.744181+00:00,1
2d007f1b-37d7-41ff-a37b-dfc709825d99,759,jQOCDTVtWOSq4GW5AAAl,2026-06-10T13:43:16.988647+00:00,0
6261d445-3177-4a82-8a7c-ac9c50064821,57,jQOCDTVtWOSq4GW5AAAl,2026-06-10T13:43:20.861103+00:00,1
228997ac-d36b-4010-98e0-4e583238d8be,520,jQOCDTVtWOSq4GW5AAAl,2026-06-10T13:43:24.127917+00:00,1
0223ac53-6e90-43f3-9b31-4750d4f605b7,108,jQOCDTVtWOSq4GW5AAAl,2026-06-10T13:43:27.169414+00:00,1
8d0d8317-08cd-47a8-9497-05b6ab6467e7,695,jQOCDTVtWOSq4GW5AAAl,2026-06-10T13:43:30.465017+00:00,1
d1d82915-2ef2-4ebf-a4a7-0488d9d06752,844,jQOCDTVtWOSq4GW5AAAl,2026-06-10T13:43:32.763254+00:00,1
ab8302b0-ef32-4e0f-b7ff-4bce10b9869b,102,jQOCDTVtWOSq4GW5AAAl,2026-06-10T13:43:35.015389+00:00,1
ef188185-626a-46a9-9d12-b309f1132647,558,jQOCDTVtWOSq4GW5AAAl,2026-06-10T13:43:39.442542+00:00,1
e95ab560-ada1-44b5-892f-1f395d9dc184,799,jQOCDTVtWOSq4GW5AAAl,2026-06-10T13:43:42.187197+00:00,1
af98024f-e33b-4a05-94d8-019fbdee29f1,46,jQOCDTVtWOSq4GW5AAAl,2026-06-10T13:43:45.260595+00:00,1
0bcc12ca-1ba7-48f3-a6df-46b7d17469fd,100000,jQOCDTVtWOSq4GW5AAAl,2026-06-10T13:43:47.599607+00:00,1
47ac26bc-872d-4ea2-85f0-60320ca71fa0,3,jQOCDTVtWOSq4GW5AAAl,2026-06-10T13:43:54.406528+00:00,1
2ab665cd-4408-46d0-8d8c-163ff1e57014,843,jQOCDTVtWOSq4GW5AAAl,2026-06-10T13:43:56.934919+00:00,1
dca4a013-9606-47ac-9a55-8c433368ba02,558,LPOdg9qNEDILsDMrAAAr,2026-06-10T15:50:15.520119+00:00,1
e39d3f84-fc10-454a-8733-030ff17b846e,102,LPOdg9qNEDILsDMrAAAr,2026-06-10T15:50:24.837288+00:00,1
0b805d9b-7e65-47ae-8ae1-14346a198058,525,LPOdg9qNEDILsDMrAAAr,2026-06-10T15:50:31.039903+00:00,1
875e24a5-2d02-4b9b-9eff-928ded10012c,964,LPOdg9qNEDILsDMrAAAr,2026-06-10T15:50:37.340710+00:00,1
940d1e51-ae28-43ba-b9fc-820205879ebc,46,LPOdg9qNEDILsDMrAAAr,2026-06-10T15:50:48.800429+00:00,1
3c62b918-f9f4-4ef7-9044-b9f1b57ebe70,536,LPOdg9qNEDILsDMrAAAr,2026-06-10T15:51:01.203542+00:00,1
a12b6782-22f3-4c98-b036-5280f6dd3a53,844,LPOdg9qNEDILsDMrAAAr,2026-06-10T15:51:06.003120+00:00,1
694705c3-7154-4ba5-8378-9e7768c919cb,843,LPOdg9qNEDILsDMrAAAr,2026-06-10T15:51:15.316186+00:00,1
0f7b53de-7450-42d9-b5b5-b431ac35655b,100000,LPOdg9qNEDILsDMrAAAr,2026-06-10T15:51:19.316336+00:00,1
760949b0-5b0e-44cd-a460-4da291dcf6a4,108,LPOdg9qNEDILsDMrAAAr,2026-06-10T15:51:25.720886+00:00,0
e82488ff-1c63-405e-8af3-4f2bf0021388,336,LPOdg9qNEDILsDMrAAAr,2026-06-10T15:51:29.952130+00:00,1
c08e0284-01ff-46b6-8634-0b9d56d4884c,904,LPOdg9qNEDILsDMrAAAr,2026-06-10T15:51:32.832850+00:00,1
c4f33ff0-9181-4090-85a0-af9169fd8913,3,LPOdg9qNEDILsDMrAAAr,2026-06-10T15:51:36.987914+00:00,0
bf06a797-da96-473c-8df3-dda605051e98,520,LPOdg9qNEDILsDMrAAAr,2026-06-10T15:51:42.388219+00:00,1
c6edd526-eb7d-42aa-85ea-d5ba558ff143,635,LPOdg9qNEDILsDMrAAAr,2026-06-10T15:51:49.391552+00:00,1
4bf3cf94-5d17-404a-bffe-6469b90f7cfb,646,LPOdg9qNEDILsDMrAAAr,2026-06-10T15:51:52.886236+00:00,1
9e1d505c-7105-4a7b-b002-1f20385d8fb0,487,LPOdg9qNEDILsDMrAAAr,2026-06-10T15:51:57.172033+00:00,1
bffdf9cd-d78d-4e7d-a38a-3a9ccbaab21c,737,LPOdg9qNEDILsDMrAAAr,2026-06-10T15:52:05.220993+00:00,1
e8aa4439-e0de-4f32-90e7-584242e037cd,759,LPOdg9qNEDILsDMrAAAr,2026-06-10T15:52:13.983707+00:00,0
85fbd197-b342-4514-80f9-406424782bee,799,LPOdg9qNEDILsDMrAAAr,2026-06-10T15:52:18.235631+00:00,1
812c0e82-0fe6-47a9-97eb-58fba6fa4950,397,LPOdg9qNEDILsDMrAAAr,2026-06-10T15:52:24.455786+00:00,1
d9f081d3-04fb-442c-a884-056c96ee6577,57,LPOdg9qNEDILsDMrAAAr,2026-06-10T15:52:29.867484+00:00,1
8d1fd778-f74c-4466-8956-e9e663e316b5,695,LPOdg9qNEDILsDMrAAAr,2026-06-10T15:52:32.820091+00:00,1
87d1a653-080c-4a04-a4b1-a4810719a562,6,LPOdg9qNEDILsDMrAAAr,2026-06-10T15:52:38.083134+00:00,1
aaffe75c-9936-434b-af8b-dc69cb421a81,904,xLOYu3IkBWk7BQRPAAAt,2026-06-10T16:35:30.609864+00:00,1
c157e335-e51c-4f0c-8f3d-4912aab0fb96,646,xLOYu3IkBWk7BQRPAAAt,2026-06-10T16:35:43.961314+00:00,1
cc5fe725-2587-4a54-9b41-1946657cd8cd,525,xLOYu3IkBWk7BQRPAAAt,2026-06-10T16:35:51.633832+00:00,0
ba04b8a3-9b4b-43aa-84d1-2cb3094e8806,536,xLOYu3IkBWk7BQRPAAAt,2026-06-10T16:36:02.541587+00:00,1
ac70ae6a-9206-418e-b8ba-1833d6b00bd7,799,xLOYu3IkBWk7BQRPAAAt,2026-06-10T16:36:12.924757+00:00,1
b9e2ee48-8f9b-4bdb-820b-8fd7fc4da052,737,xLOYu3IkBWk7BQRPAAAt,2026-06-10T16:36:22.900216+00:00,1
cbaea6b9-4e5a-42de-ab04-8797ab033548,57,xLOYu3IkBWk7BQRPAAAt,2026-06-10T16:36:27.975160+00:00,1
226f9246-999e-4936-af4b-d1aed7ebcd9e,102,xLOYu3IkBWk7BQRPAAAt,2026-06-10T16:36:38.118249+00:00,1
e544af28-c869-41fe-a722-6112a6870317,397,xLOYu3IkBWk7BQRPAAAt,2026-06-10T16:36:44.247769+00:00,0
42730531-5987-4f9c-b82b-f980740df14d,844,xLOYu3IkBWk7BQRPAAAt,2026-06-10T16:36:52.766278+00:00,1
3297b8e4-c075-4611-85b5-f6afca350c08,520,xLOYu3IkBWk7BQRPAAAt,2026-06-10T16:36:58.719510+00:00,0
d526de4d-ff72-4452-828b-77dd9ec7ee3b,108,xLOYu3IkBWk7BQRPAAAt,2026-06-10T16:37:03.191654+00:00,1
114319a6-acc3-4778-9231-5ce04f6aeaf9,336,xLOYu3IkBWk7BQRPAAAt,2026-06-10T16:37:11.858438+00:00,0
412d68a4-d2a0-4ca6-b840-d93cf207cf8c,964,xLOYu3IkBWk7BQRPAAAt,2026-06-10T16:37:18.935318+00:00,1
10355d5c-a5cb-46c8-bc15-facfe9100081,558,xLOYu3IkBWk7BQRPAAAt,2026-06-10T16:37:24.525018+00:00,1
25471d08-dc04-417b-9e85-aaad6e5b1a0d,46,xLOYu3IkBWk7BQRPAAAt,2026-06-10T16:37:30.831564+00:00,1
793bda3b-d8fd-44ba-ab8e-05c2ce9b2d8c,635,xLOYu3IkBWk7BQRPAAAt,2026-06-10T16:37:39.077765+00:00,0
169b226b-82ef-4d86-93c6-20a226343661,695,xLOYu3IkBWk7BQRPAAAt,2026-06-10T16:37:48.306684+00:00,0
79c33a31-4fe5-4254-9694-ee2241826a7b,6,xLOYu3IkBWk7BQRPAAAt,2026-06-10T16:37:54.742445+00:00,0
777513aa-88f0-4d49-841d-5268906f1cc1,843,xLOYu3IkBWk7BQRPAAAt,2026-06-10T16:37:57.566791+00:00,1
fc7defec-3554-4d29-bbe8-0818339003e1,100000,xLOYu3IkBWk7BQRPAAAt,2026-06-10T16:38:00.364460+00:00,1
e65dbd13-eac3-40cf-90f2-5d2d8f2bf36d,759,xLOYu3IkBWk7BQRPAAAt,2026-06-10T16:38:07.909796+00:00,0
41714e38-41f8-457f-a115-abb1ac1a8bd0,487,xLOYu3IkBWk7BQRPAAAt,2026-06-10T16:38:11.458430+00:00,1
bd758a20-9aa7-430b-97ce-a6f7cde691c9,3,xLOYu3IkBWk7BQRPAAAt,2026-06-10T16:38:15.227962+00:00,0
b2167e7d-09ee-43e7-ab8c-b685046805e6,558,SYZaWnyCn6YRkHZqAAAv,2026-06-10T17:13:56.837968+00:00,1
4f17d98e-e63b-4a3a-975f-ad7fd6739eae,964,SYZaWnyCn6YRkHZqAAAv,2026-06-10T17:14:03.727091+00:00,1
5984c64f-f9d7-4627-9139-a13bd2f227c5,844,SYZaWnyCn6YRkHZqAAAv,2026-06-10T17:14:08.978679+00:00,1
7bef6641-f275-43b6-9378-4109e71db4aa,102,5BEtzNSA0p7BRkSsAAA5,2026-06-11T08:29:41.692498+00:00,1
d8e21dab-1eb5-42cc-9dbb-18a09254806f,843,5BEtzNSA0p7BRkSsAAA5,2026-06-11T08:29:53.738250+00:00,0
21943d92-b3c3-4343-a5ea-1fe63c387b57,695,5BEtzNSA0p7BRkSsAAA5,2026-06-11T08:30:08.876532+00:00,1
49b1d79a-2ed9-42de-bf8e-ba94da8cd9c7,799,5BEtzNSA0p7BRkSsAAA5,2026-06-11T08:30:17.589497+00:00,1
d7a5e6c5-d367-43d4-b8f1-d9f4676e6796,646,5BEtzNSA0p7BRkSsAAA5,2026-06-11T08:30:28.579521+00:00,1
53bcc2bc-a295-4d41-8059-6ab464908cf1,635,5BEtzNSA0p7BRkSsAAA5,2026-06-11T08:30:48.675842+00:00,0
ca201ba7-9291-4f4a-82f0-dc9838e36977,904,5BEtzNSA0p7BRkSsAAA5,2026-06-11T08:31:02.744120+00:00,1
2ced7309-3c7c-4adc-a4ba-93dfa18cf6d0,3,5BEtzNSA0p7BRkSsAAA5,2026-06-11T08:31:12.029279+00:00,0
e25e248c-48d3-4d65-bb41-e5fae369f5e4,487,5BEtzNSA0p7BRkSsAAA5,2026-06-11T08:31:21.567884+00:00,1
96b01cdf-430f-408f-8008-3d22cc0f34b4,520,5BEtzNSA0p7BRkSsAAA5,2026-06-11T08:33:29.893566+00:00,1
15fa1e40-95dd-4a57-af39-a467711365d4,536,5BEtzNSA0p7BRkSsAAA5,2026-06-11T08:33:40.448186+00:00,1
86394d38-d352-4bdd-9f6c-004362b2202b,6,5BEtzNSA0p7BRkSsAAA5,2026-06-11T08:33:50.521548+00:00,1
243e4419-55fb-41fb-87d9-bc5ce4b4fdea,46,5BEtzNSA0p7BRkSsAAA5,2026-06-11T08:33:59.166966+00:00,1
279bb354-9ad3-4617-9b6f-f275c4a09085,558,5BEtzNSA0p7BRkSsAAA5,2026-06-11T08:34:06.665111+00:00,1
1f4d377a-23cd-4b9d-aefc-b19a3c5e9724,964,5BEtzNSA0p7BRkSsAAA5,2026-06-11T08:34:38.892449+00:00,0
aa02c037-04fc-4b00-955d-6df1f241f6d8,57,5BEtzNSA0p7BRkSsAAA5,2026-06-11T08:34:43.598644+00:00,1
2017dca3-f8ae-4949-9648-a39c53c5ffbc,108,5BEtzNSA0p7BRkSsAAA5,2026-06-11T08:34:53.105697+00:00,1
3945dc27-eccb-43c7-97ce-e9bf9c99138b,759,5BEtzNSA0p7BRkSsAAA5,2026-06-11T08:34:58.262886+00:00,1
872ae037-1087-4b23-ba99-b335aef31b28,844,5BEtzNSA0p7BRkSsAAA5,2026-06-11T08:35:03.417209+00:00,1
50eead52-5d5e-43f8-95f9-e83d1c782fa5,525,5BEtzNSA0p7BRkSsAAA5,2026-06-11T08:35:16.376989+00:00,1
7a6b22e4-588f-4d9a-a8d0-b93f24c8a849,737,5BEtzNSA0p7BRkSsAAA5,2026-06-11T08:35:29.066198+00:00,1
708556a6-c0f7-435e-affb-39ff7f6a3333,397,5BEtzNSA0p7BRkSsAAA5,2026-06-11T08:35:42.217922+00:00,0
812f6110-892e-40a7-9b6a-9888fa1798f6,100000,5BEtzNSA0p7BRkSsAAA5,2026-06-11T08:35:49.998260+00:00,0
5cc685ba-db4d-404c-b3fd-2074788f65b6,336,5BEtzNSA0p7BRkSsAAA5,2026-06-11T08:35:56.525350+00:00,1
24277716-df3e-4414-8a53-ce546a13ffa6,397,TrLtC6LNj-d1Ks7oAABR,2026-06-11T18:58:01.375346+00:00,1
e51e3460-8200-4079-af2e-b5e76faadb16,904,TrLtC6LNj-d1Ks7oAABR,2026-06-11T18:58:08.483807+00:00,0
3a3ce27e-94fc-4e2f-a298-94ae3a3becd2,695,TrLtC6LNj-d1Ks7oAABR,2026-06-11T18:58:21.471436+00:00,1
39afe5ad-990f-4bce-8da0-4e21ef4dc351,558,TrLtC6LNj-d1Ks7oAABR,2026-06-11T18:58:27.474969+00:00,1
15ec36d4-9426-44a3-9696-911f516771ee,46,TrLtC6LNj-d1Ks7oAABR,2026-06-11T18:58:37.028360+00:00,0
07ccc055-fa76-4306-90ea-b574b399a94d,108,TrLtC6LNj-d1Ks7oAABR,2026-06-11T18:58:52.704986+00:00,0
66969dc1-e4f0-4dd6-9600-46b16d91c046,844,TrLtC6LNj-d1Ks7oAABR,2026-06-11T18:58:57.456020+00:00,0
b1ab4b24-1f04-4cf9-97ea-3d383f037254,3,TrLtC6LNj-d1Ks7oAABR,2026-06-11T18:59:11.592829+00:00,0
5583bbfe-dc07-44d2-bef5-9faeacef5960,799,TrLtC6LNj-d1Ks7oAABR,2026-06-11T18:59:21.221601+00:00,1
b95e784f-2ca6-4e9a-a92b-5190daa4bc21,646,TrLtC6LNj-d1Ks7oAABR,2026-06-11T18:59:40.957597+00:00,0
9e7fa78e-41af-44f9-96b4-44e4f8074c5c,635,TrLtC6LNj-d1Ks7oAABR,2026-06-11T18:59:48.007169+00:00,0
44e73007-30f1-453d-91cb-c763e6ac1ae4,6,TrLtC6LNj-d1Ks7oAABR,2026-06-11T18:59:59.827121+00:00,1
ba36f5e2-ac7b-4d15-b3e2-9d246d11cde1,964,TrLtC6LNj-d1Ks7oAABR,2026-06-11T19:00:07.449636+00:00,1
340008d4-1cef-45e7-a831-b85f6e9f89e6,525,TrLtC6LNj-d1Ks7oAABR,2026-06-11T19:00:19.209848+00:00,1
f99db841-0ad2-46c0-a231-21c75074b483,336,TrLtC6LNj-d1Ks7oAABR,2026-06-11T19:01:44.441259+00:00,0
5594b5fa-56e3-4a93-81b4-3b9733a6fa61,102,TrLtC6LNj-d1Ks7oAABR,2026-06-11T19:01:49.928434+00:00,0
4f9458f8-2335-49cb-8fe4-7672346a31d7,100000,TrLtC6LNj-d1Ks7oAABR,2026-06-11T19:01:59.572625+00:00,1
d93873c7-600d-4572-ad62-e2c8ac96aa1f,759,TrLtC6LNj-d1Ks7oAABR,2026-06-11T19:02:10.138761+00:00,0
ec52b6a0-60f7-4062-8f1b-143b27208a9e,536,TrLtC6LNj-d1Ks7oAABR,2026-06-11T19:02:22.706213+00:00,1
da32d455-8796-43a7-b7eb-9c95a0f5c21a,336,Q0ZfzbaREPzBKL2fAABT,2026-06-11T19:02:30.503260+00:00,1
6053168e-9faa-4491-b631-30b71d1a17f8,57,TrLtC6LNj-d1Ks7oAABR,2026-06-11T19:02:36.147786+00:00,1
594dc354-76fc-40ae-a520-93f6fba93967,520,TrLtC6LNj-d1Ks7oAABR,2026-06-11T19:02:41.973627+00:00,1
861f395b-9ff0-408d-9c1c-48879e18b6eb,843,TrLtC6LNj-d1Ks7oAABR,2026-06-11T19:02:51.129653+00:00,0
637a112d-ea5e-4ecb-a1f3-b1ce570bcf6e,487,TrLtC6LNj-d1Ks7oAABR,2026-06-11T19:02:55.406740+00:00,1
9daa8abf-2c0b-4043-ac1f-2cc7764b98d2,108,Q0ZfzbaREPzBKL2fAABT,2026-06-11T19:02:59.245694+00:00,1
7035ffd7-243d-4f60-8213-f33020565523,737,TrLtC6LNj-d1Ks7oAABR,2026-06-11T19:03:02.443174+00:00,1
03c20b88-ed8f-4ddf-82f3-70e1ec7d2598,57,Q0ZfzbaREPzBKL2fAABT,2026-06-11T19:03:21.697026+00:00,1
5adc3cee-d225-48f9-87fd-3ba88f5fdbf8,100000,Q0ZfzbaREPzBKL2fAABT,2026-06-11T19:03:41.208690+00:00,0
15a07854-e2f3-4a08-86d0-839f8737d477,695,Q0ZfzbaREPzBKL2fAABT,2026-06-11T19:03:50.892588+00:00,0
e98a0222-f8bd-43da-abc4-e6ddb7265553,525,Q0ZfzbaREPzBKL2fAABT,2026-06-11T19:04:07.521048+00:00,0
aad91f06-28a8-4395-b88e-f464fe4acc2e,397,Q0ZfzbaREPzBKL2fAABT,2026-06-11T19:04:17.876930+00:00,0
b34175fb-cbb7-40d9-8d70-430f3c943f91,799,Q0ZfzbaREPzBKL2fAABT,2026-06-11T19:04:36.144750+00:00,1
c4cc112b-5c1a-4587-a923-5d49d0637cd5,558,Q0ZfzbaREPzBKL2fAABT,2026-06-11T19:04:54.523671+00:00,0
b71282aa-1a1c-4842-9367-1df1377538cc,964,Q0ZfzbaREPzBKL2fAABT,2026-06-11T19:05:02.948891+00:00,0
e0d7b871-b2e6-4a8c-b3ad-68fdbc8bc2a8,904,Q0ZfzbaREPzBKL2fAABT,2026-06-11T19:05:11.205133+00:00,0
8fa27acb-938b-42d4-95ab-ee536a003b72,737,Q0ZfzbaREPzBKL2fAABT,2026-06-11T19:05:20.705806+00:00,0
72aa35ff-838b-468e-8b01-680487655919,635,Q0ZfzbaREPzBKL2fAABT,2026-06-11T19:05:27.818926+00:00,1
d6d5f25c-f975-41dc-af6e-fcf9846eafff,46,Q0ZfzbaREPzBKL2fAABT,2026-06-11T19:05:35.056596+00:00,0
880ee417-83f0-470d-90d8-714c437a5901,102,Q0ZfzbaREPzBKL2fAABT,2026-06-11T19:05:45.299643+00:00,1
d71ffa55-034a-42c1-a31b-5ff6b4e7e30c,6,Q0ZfzbaREPzBKL2fAABT,2026-06-11T19:05:56.048771+00:00,0
c1b3d087-b383-4920-a2db-24c36c5c32ff,487,Q0ZfzbaREPzBKL2fAABT,2026-06-11T19:06:05.713505+00:00,0
cda51c22-2c45-43cf-92d8-24e86aed3a0d,536,Q0ZfzbaREPzBKL2fAABT,2026-06-11T19:06:17.320528+00:00,0
6ffcd79c-5de1-47f5-a757-8ecc4646ddf0,843,Q0ZfzbaREPzBKL2fAABT,2026-06-11T19:06:25.659851+00:00,0
089369cc-9a42-4a28-8f3f-18d276e37bde,759,Q0ZfzbaREPzBKL2fAABT,2026-06-11T19:06:43.286194+00:00,1
02bc2609-1cba-430e-9c04-f8c3c85efdb8,646,Q0ZfzbaREPzBKL2fAABT,2026-06-11T19:06:55.977868+00:00,1
370c2583-f0a4-482e-8402-5879b63ccc43,3,Q0ZfzbaREPzBKL2fAABT,2026-06-11T19:07:01.702015+00:00,0
e2ee3b10-fbd3-4c5f-957a-79ddd1a8d5f7,844,Q0ZfzbaREPzBKL2fAABT,2026-06-11T19:07:12.825240+00:00,1
76ac058a-a929-42f0-a541-f19e17cba276,520,Q0ZfzbaREPzBKL2fAABT,2026-06-11T19:07:20.855326+00:00,0
e16c955c-64ad-4101-b1dc-6659b0e33644,635,TxUr9XB9ZPeFiCJtAACT,2026-06-12T23:40:44.507604+00:00,1
3f390cd6-551a-4b8a-b120-d12d71a63192,397,TxUr9XB9ZPeFiCJtAACT,2026-06-12T23:40:49.872051+00:00,1
aec6c2f8-4a77-449b-a75f-e66f9f1e57c0,520,TxUr9XB9ZPeFiCJtAACT,2026-06-12T23:40:53.244483+00:00,0
34ea4f4a-6b53-44c6-9822-1fe1268845c2,6,TxUr9XB9ZPeFiCJtAACT,2026-06-12T23:40:56.927952+00:00,0
9248a5a4-1e78-4582-9f1f-32e1ad23d94f,695,TxUr9XB9ZPeFiCJtAACT,2026-06-12T23:40:59.569500+00:00,1
bd5e297a-0256-4d09-8869-2feb953be3da,799,TxUr9XB9ZPeFiCJtAACT,2026-06-12T23:41:03.212127+00:00,1
2bba790b-ebd1-4225-95a4-f7d9ff447bac,737,TxUr9XB9ZPeFiCJtAACT,2026-06-12T23:41:08.029671+00:00,0
d484d5b0-515a-4abb-ac5c-af167abc3de7,336,TxUr9XB9ZPeFiCJtAACT,2026-06-12T23:41:10.761306+00:00,1
ba03c1b6-6998-4fdf-b36b-7bffedac514c,46,TxUr9XB9ZPeFiCJtAACT,2026-06-12T23:41:14.430389+00:00,1
29d0ac8c-c3ad-4320-8fef-c3a273007845,487,TxUr9XB9ZPeFiCJtAACT,2026-06-12T23:41:18.000640+00:00,1
adc0a85e-25d6-4448-b1ee-40c8b344eff1,558,TxUr9XB9ZPeFiCJtAACT,2026-06-12T23:41:20.859875+00:00,1
042ac457-62a6-4643-8c8d-2a2afaacf127,536,TxUr9XB9ZPeFiCJtAACT,2026-06-12T23:41:24.413264+00:00,0
12568c46-5a14-4fe4-8001-8018eb9771bc,525,TxUr9XB9ZPeFiCJtAACT,2026-06-12T23:41:27.185410+00:00,1
a8391e55-ac0a-46c3-88af-1752ec4b96eb,964,TxUr9XB9ZPeFiCJtAACT,2026-06-12T23:41:30.773469+00:00,1
4b5ece16-c2ce-42a5-a1ac-ff2d4b896e45,904,TxUr9XB9ZPeFiCJtAACT,2026-06-12T23:41:33.080587+00:00,1
98ef05c9-abaa-4a01-8b07-7bac38f442db,646,TxUr9XB9ZPeFiCJtAACT,2026-06-12T23:41:37.168567+00:00,1
11e1a518-f9d9-4f1c-8013-0e0ea3faffa0,3,TxUr9XB9ZPeFiCJtAACT,2026-06-12T23:41:41.436787+00:00,1
49535eb4-72b3-4157-bc63-984764320a46,57,TxUr9XB9ZPeFiCJtAACT,2026-06-12T23:41:43.628275+00:00,1
bb2129aa-9440-4243-9beb-a635bd0b3043,108,TxUr9XB9ZPeFiCJtAACT,2026-06-12T23:41:47.094367+00:00,1
ad8ff910-5ef5-41f0-b42a-056e24af7914,844,TxUr9XB9ZPeFiCJtAACT,2026-06-12T23:41:49.382293+00:00,1
438c50cf-33ae-4bf7-836b-73e1118e6ee3,102,TxUr9XB9ZPeFiCJtAACT,2026-06-12T23:41:52.159499+00:00,1
e3683a7f-a3a9-4394-a3a5-7ea83832cbca,100000,TxUr9XB9ZPeFiCJtAACT,2026-06-12T23:41:55.249693+00:00,1
4dd184fd-be4b-4e97-847c-4fc3074a4aa8,843,TxUr9XB9ZPeFiCJtAACT,2026-06-12T23:42:01.892615+00:00,0
93324c03-e2eb-4e77-b89c-7d6e2c19f15c,759,TxUr9XB9ZPeFiCJtAACT,2026-06-12T23:42:04.898195+00:00,0
c8cbf66d-b7ec-4da3-bf21-eaf7f575153c,108,ThYM1xr_JWBhKoAlAACf,2026-06-14T13:27:57.576597+00:00,1
ee0a09d6-8be9-407b-8711-1c208d20a678,46,ThYM1xr_JWBhKoAlAACf,2026-06-14T13:28:05.342752+00:00,1
68d27c26-2116-45c8-927e-b21206a92839,536,IKTuV14WZUZE2qSKAACp,2026-06-15T20:27:13.957857+00:00,1
9233f32b-ee9e-43ed-9876-d11919cab3d5,843,MhYl3kSE1EUEdj5DAAC5,2026-06-15T21:06:11.975893+00:00,0
e8b995a9-b851-4dc1-a373-c703ca8ae493,397,MhYl3kSE1EUEdj5DAAC5,2026-06-15T21:06:15.609765+00:00,1
309b5e29-5dd6-4227-a09f-844539c4f66e,964,MhYl3kSE1EUEdj5DAAC5,2026-06-15T21:06:17.299870+00:00,1
9368964e-b120-4ba7-990f-fcb16ddbea69,108,MhYl3kSE1EUEdj5DAAC5,2026-06-15T21:06:20.328121+00:00,1
25db0aa8-4f3c-4c27-9b6d-c99a4fc645bf,695,NMEmpsDZ7kycs3FOAADT,2026-06-15T21:58:00.022774+00:00,1
59028a75-a10a-4115-9e1b-a540b3f9b3ff,102,NMEmpsDZ7kycs3FOAADT,2026-06-15T21:58:04.628332+00:00,1
b663a116-072c-41dc-b30c-33dfc4be372d,536,NMEmpsDZ7kycs3FOAADT,2026-06-15T21:58:12.628597+00:00,1
a27eb133-619b-4338-aa38-accff2d48b23,759,NMEmpsDZ7kycs3FOAADT,2026-06-15T21:58:30.700340+00:00,1
d54307a6-308f-4dac-86b6-8fa3cad36b91,520,NMEmpsDZ7kycs3FOAADT,2026-06-15T21:58:38.556909+00:00,1
04c2b09e-c43a-4238-863a-ec4d61118f30,100000,NMEmpsDZ7kycs3FOAADT,2026-06-15T21:58:46.534444+00:00,0
daca9991-94e5-4d52-894a-9e307e187874,646,NMEmpsDZ7kycs3FOAADT,2026-06-15T21:58:52.067861+00:00,0
338116e0-daa3-44fb-bde0-caa198d586ed,46,NMEmpsDZ7kycs3FOAADT,2026-06-15T21:58:57.180288+00:00,0
8a7bd7fe-d76c-4148-bc55-626c4e00c237,799,NMEmpsDZ7kycs3FOAADT,2026-06-15T21:59:00.459115+00:00,1
44e540f6-7067-4fc2-88ec-05c61875172d,964,NMEmpsDZ7kycs3FOAADT,2026-06-15T21:59:04.424367+00:00,0
f9fc8e5f-7aea-4eb6-929f-076c5093c674,844,NMEmpsDZ7kycs3FOAADT,2026-06-15T21:59:06.777907+00:00,1
3381de93-e462-4669-8418-4b3ba299dd85,558,NMEmpsDZ7kycs3FOAADT,2026-06-15T21:59:13.694279+00:00,1
b1ef9611-c003-4c2f-a7d5-7746e6da638f,397,NMEmpsDZ7kycs3FOAADT,2026-06-15T21:59:17.910991+00:00,0
f8aead8f-90ae-4183-89dc-657620d9bfab,737,NMEmpsDZ7kycs3FOAADT,2026-06-15T21:59:22.919534+00:00,1
6c5ae3b8-342d-496a-b48d-6dbb6079d2b0,108,NMEmpsDZ7kycs3FOAADT,2026-06-15T21:59:27.557028+00:00,1
1c9151de-0f89-41fb-b5bd-9505906c3765,525,NMEmpsDZ7kycs3FOAADT,2026-06-15T21:59:32.828296+00:00,1
f596e8ec-621c-416c-be11-976ecb9507b0,108,FjR-kiNftWJdUTBOAADV,2026-06-15T22:01:33.386047+00:00,1
e3444245-a339-4153-b6bb-cf6771ce38b5,964,FjR-kiNftWJdUTBOAADV,2026-06-15T22:01:40.183597+00:00,0
4abb69ab-c746-4cbb-9bea-56540a816b90,843,FjR-kiNftWJdUTBOAADV,2026-06-15T22:02:33.594017+00:00,1
1ba934bb-1931-4596-ac8d-e84a0c91e22f,799,FjR-kiNftWJdUTBOAADV,2026-06-15T22:02:35.432640+00:00,0
162ac6f4-9350-47f3-aa25-57e3c5959974,904,FjR-kiNftWJdUTBOAADV,2026-06-15T22:02:43.616729+00:00,1
54069aa8-c408-4e6e-88fd-e77f7eb61599,904,lqSbzK39ArE1JUibAADX,2026-06-15T22:02:47.031384+00:00,0
9b2d4d4b-66c5-4266-bb65-e680fbc79e06,57,lqSbzK39ArE1JUibAADX,2026-06-15T22:02:50.931551+00:00,1
ebace1ce-f4a9-4d26-a4c4-7dbdb170787f,487,lqSbzK39ArE1JUibAADX,2026-06-15T22:02:52.417701+00:00,1
61c98bfe-5d53-4c49-af54-b122cbcaeaab,6,lqSbzK39ArE1JUibAADX,2026-06-15T22:02:58.637561+00:00,1
116cce5b-a4af-4949-a153-ea6a5b249c16,336,lqSbzK39ArE1JUibAADX,2026-06-15T22:03:02.081353+00:00,1
2456a759-f231-4610-8c8a-8890f8826fbe,843,lqSbzK39ArE1JUibAADX,2026-06-15T22:03:11.728883+00:00,0
de9afdf9-0d43-4b5d-8953-907319471c9e,3,lqSbzK39ArE1JUibAADX,2026-06-15T22:03:14.504242+00:00,0
e83e2b57-098d-43dc-b992-4d63e259412a,635,lqSbzK39ArE1JUibAADX,2026-06-15T22:03:19.037533+00:00,1
2f1620dd-968a-4c0f-bee7-d51f8dfc2b77,737,FjR-kiNftWJdUTBOAADV,2026-06-15T22:03:54.372164+00:00,1
2857377f-0239-451b-8097-22ef2c7fb1b0,57,FjR-kiNftWJdUTBOAADV,2026-06-15T22:04:05.044955+00:00,0
7f9dbb44-ac0a-4fdf-895b-d1bd9f6c2dea,844,FjR-kiNftWJdUTBOAADV,2026-06-15T22:04:08.737180+00:00,0
d97cc92e-4fae-4526-93e5-d5783fd1a847,520,FjR-kiNftWJdUTBOAADV,2026-06-15T22:04:10.055314+00:00,1
d19069cd-360f-4b6f-95c6-35b6af25a168,843,2hGqiwf5X4JH-q10AADf,2026-06-15T22:08:59.656341+00:00,0
96daabb8-7b87-4939-9a6c-f8c15864ab5f,487,2hGqiwf5X4JH-q10AADf,2026-06-15T22:09:14.291370+00:00,1
d275c77c-05b1-4e18-a7ca-ec490ef8a33e,525,2hGqiwf5X4JH-q10AADf,2026-06-15T22:09:55.763927+00:00,1
a7a685a4-5e2f-4e29-898a-ff387de40bdc,964,2hGqiwf5X4JH-q10AADf,2026-06-15T22:10:15.111595+00:00,0
99dadcf3-ea2a-4d60-9541-ac021071b82e,100000,2hGqiwf5X4JH-q10AADf,2026-06-15T22:10:39.578608+00:00,1
2043b73b-6944-4193-b582-8258412d6355,102,2hGqiwf5X4JH-q10AADf,2026-06-15T22:10:56.573216+00:00,1
957d12a2-6430-43fb-ae3e-ef4f79da3601,799,2hGqiwf5X4JH-q10AADf,2026-06-15T22:11:13.848062+00:00,0
7b0d4333-4eeb-4ebb-abf3-61eeb2839737,6,2hGqiwf5X4JH-q10AADf,2026-06-15T22:11:30.492582+00:00,1
0f588911-163b-4b64-aa3d-94734af898c7,397,2hGqiwf5X4JH-q10AADf,2026-06-15T22:11:42.082128+00:00,0
4c7c3686-b1e3-4b0c-8613-b872d6954334,695,2hGqiwf5X4JH-q10AADf,2026-06-15T22:12:10.549332+00:00,1
6ae2df08-b03f-4e49-97c7-b31acf6a79bc,3,2hGqiwf5X4JH-q10AADf,2026-06-15T22:12:26.288827+00:00,0
4f0518b6-3689-479d-9c32-b2eba0344f8e,46,2hGqiwf5X4JH-q10AADf,2026-06-15T22:12:36.815297+00:00,0
ac62a7c2-e22f-42ac-87b6-ba825f403fc5,635,2hGqiwf5X4JH-q10AADf,2026-06-15T22:12:45.548850+00:00,0
dbd19897-5f92-4897-aa9b-ad0ae250e0eb,844,2hGqiwf5X4JH-q10AADf,2026-06-15T22:13:00.473014+00:00,0
9a9065d2-4d5c-41ba-be89-a01bb993a6e3,57,2hGqiwf5X4JH-q10AADf,2026-06-15T22:13:19.833836+00:00,0
fd95fb3b-7fc0-4158-aed8-5f8ca6a28760,737,2hGqiwf5X4JH-q10AADf,2026-06-15T22:13:33.504762+00:00,1
b74225f8-b4f0-4b6f-a0e0-45fe3da30866,558,2hGqiwf5X4JH-q10AADf,2026-06-15T22:13:49.442802+00:00,1
27304cd5-249d-4ec1-b435-e7e544798443,520,2hGqiwf5X4JH-q10AADf,2026-06-15T22:14:03.087052+00:00,1
0a599362-6ba4-4b17-ae8a-0ba8d16efa75,646,2hGqiwf5X4JH-q10AADf,2026-06-15T22:14:33.713539+00:00,0
5a26b5da-d407-4434-a01c-6697e338b968,108,2hGqiwf5X4JH-q10AADf,2026-06-15T22:14:42.570871+00:00,0
982a90bf-976c-4510-ae0f-8bd1c5a51be8,536,2hGqiwf5X4JH-q10AADf,2026-06-15T22:14:56.627737+00:00,1
bb064fdb-7276-4a67-9529-92346c4c9412,904,2hGqiwf5X4JH-q10AADf,2026-06-15T22:15:37.068414+00:00,0
9fcf0414-a80a-427c-9912-3cbe208da5c0,336,2hGqiwf5X4JH-q10AADf,2026-06-15T22:16:31.102474+00:00,0
6a6f37fa-ed12-4b5d-bc13-7e4cb02b9efa,759,2hGqiwf5X4JH-q10AADf,2026-06-15T22:16:52.290892+00:00,1
595c6e2c-10d1-46f3-829c-fbf61bdb2d70,799,j9wYNx_WS1YlROJ9AADt,2026-06-15T22:28:01.506396+00:00,1
d252ccb3-017f-4df5-9be2-78ff769088ce,695,j9wYNx_WS1YlROJ9AADt,2026-06-15T22:28:12.938032+00:00,1
b0df1496-8447-4b37-811c-9eb12a59ab49,487,j9wYNx_WS1YlROJ9AADt,2026-06-15T22:28:24.313926+00:00,1
d608d646-3d6d-4208-a67d-5dc61c188568,100000,j9wYNx_WS1YlROJ9AADt,2026-06-15T22:28:30.969162+00:00,0
4a7cee05-ef7a-4b39-86ef-d038f1047dfe,57,j9wYNx_WS1YlROJ9AADt,2026-06-15T22:28:39.758196+00:00,1
9e742c0c-b73e-4bfc-aa17-66ebc9a9e8a5,3,j9wYNx_WS1YlROJ9AADt,2026-06-15T22:28:59.782708+00:00,0
342de84f-2ec2-496e-9396-4e9c3bbee527,336,j9wYNx_WS1YlROJ9AADt,2026-06-15T22:29:14.195424+00:00,1
af13e619-4f1c-42a2-8b97-8787740cab3a,843,j9wYNx_WS1YlROJ9AADt,2026-06-15T22:29:20.611637+00:00,0
662b0f1b-d3c8-417c-b8db-10ed1f2e7342,397,j9wYNx_WS1YlROJ9AADt,2026-06-15T22:29:30.837700+00:00,0
b8771455-cc90-42ce-97fc-a885d0d99231,536,j9wYNx_WS1YlROJ9AADt,2026-06-15T22:29:44.732853+00:00,1
d828939b-0b02-44c9-a74b-1db5c076731e,46,j9wYNx_WS1YlROJ9AADt,2026-06-15T22:30:05.571700+00:00,0
35f81ae9-bc7a-4305-a095-a4f0f1b4e82b,759,j9wYNx_WS1YlROJ9AADt,2026-06-15T22:30:10.695187+00:00,0
01071eb7-9441-486c-a4c5-e6e8bfe156a2,844,j9wYNx_WS1YlROJ9AADt,2026-06-15T22:30:20.900363+00:00,1
89b70179-5d88-41ac-b4a8-d7dc1ab5e8cd,646,j9wYNx_WS1YlROJ9AADt,2026-06-15T22:30:35.722363+00:00,1
1f8e2226-5537-44e9-a211-363949519fcf,520,j9wYNx_WS1YlROJ9AADt,2026-06-15T22:30:45.093556+00:00,0
98aaea60-f975-45b4-92e5-2a6c00b3b19b,558,j9wYNx_WS1YlROJ9AADt,2026-06-15T22:30:53.921641+00:00,0
f1b664ff-4447-4e71-94b6-30875d5f5980,6,j9wYNx_WS1YlROJ9AADt,2026-06-15T22:31:09.194079+00:00,1
684d6837-8ff8-4c80-9e8c-e9b0e284c563,635,j9wYNx_WS1YlROJ9AADt,2026-06-15T22:31:22.993462+00:00,0
c36be350-5db7-491a-9c64-18265b98fa66,737,j9wYNx_WS1YlROJ9AADt,2026-06-15T22:31:32.469640+00:00,0
675a3b90-000e-4f74-b252-2c3e090ed8e3,108,j9wYNx_WS1YlROJ9AADt,2026-06-15T22:31:40.884591+00:00,1
f4e4f562-e8de-406a-b81a-2cf7592bdca8,904,j9wYNx_WS1YlROJ9AADt,2026-06-15T22:32:30.159856+00:00,0
576e056b-44a2-428f-9572-ad915e49c516,102,j9wYNx_WS1YlROJ9AADt,2026-06-15T22:32:40.284746+00:00,1
3581e849-44f9-4349-b981-e0c2bb1148ea,964,j9wYNx_WS1YlROJ9AADt,2026-06-15T22:33:02.857793+00:00,0
9fae28cb-dace-452a-b5d0-60635dedab4e,525,j9wYNx_WS1YlROJ9AADt,2026-06-15T22:33:18.820309+00:00,1
184a85bb-4e75-42fc-a8c6-fe077a57ec00,46,45Ql2MJ8ay_p15HKAAD7,2026-06-15T23:08:53.520699+00:00,1
6ab61b1e-ef87-452a-a52c-0a3655386b82,646,45Ql2MJ8ay_p15HKAAD7,2026-06-15T23:09:02.757174+00:00,1
6e239643-1187-45b8-acf6-8a1a69813e67,520,45Ql2MJ8ay_p15HKAAD7,2026-06-15T23:09:16.952893+00:00,1
ed2259a9-1c95-4956-8330-5dc9618a674a,737,45Ql2MJ8ay_p15HKAAD7,2026-06-15T23:09:32.769819+00:00,1
7fc591b9-f38c-424f-9ae1-318f954f840e,844,45Ql2MJ8ay_p15HKAAD7,2026-06-15T23:09:50.883107+00:00,1
47719baf-4521-4638-9933-3984428a89c8,6,45Ql2MJ8ay_p15HKAAD7,2026-06-15T23:10:04.957357+00:00,1
1b0ca453-ade1-4f3f-9dd1-5d364c7bf675,904,45Ql2MJ8ay_p15HKAAD7,2026-06-15T23:10:11.904913+00:00,0
2b5f15f3-717f-404b-abbc-283945765690,536,45Ql2MJ8ay_p15HKAAD7,2026-06-15T23:10:24.341757+00:00,0
344e89ef-04a5-4591-b91d-74a5050c309d,487,45Ql2MJ8ay_p15HKAAD7,2026-06-15T23:10:34.403498+00:00,1
0b50713f-4e39-4009-a016-2084ca0e75c2,102,45Ql2MJ8ay_p15HKAAD7,2026-06-15T23:11:00.208583+00:00,1
81e2de72-b9c1-43a1-83c9-3e78ee9a8c8e,336,45Ql2MJ8ay_p15HKAAD7,2026-06-15T23:11:09.393200+00:00,0
2fb87ac5-45b1-4187-a1f9-5cbfcbe6d6c9,3,45Ql2MJ8ay_p15HKAAD7,2026-06-15T23:11:19.577318+00:00,0
0a2d8db8-6c65-4bab-9e6e-58b42d71b655,843,45Ql2MJ8ay_p15HKAAD7,2026-06-15T23:11:36.544516+00:00,0
ee492081-4926-4add-b37c-77d1ad30b629,964,45Ql2MJ8ay_p15HKAAD7,2026-06-15T23:12:17.399071+00:00,0
ac0513ba-e750-46b7-af7b-5bd04d667748,100000,45Ql2MJ8ay_p15HKAAD7,2026-06-15T23:12:27.642517+00:00,0
fac4d9b1-93a3-4166-8314-ab06db1dbc5c,759,45Ql2MJ8ay_p15HKAAD7,2026-06-15T23:12:47.121026+00:00,1
c40827ea-1147-4930-a4fd-61e496bf9234,799,45Ql2MJ8ay_p15HKAAD7,2026-06-15T23:13:04.117704+00:00,1
df98b2f2-4d7a-4d48-8569-9dae6c93a427,57,45Ql2MJ8ay_p15HKAAD7,2026-06-15T23:13:15.074956+00:00,1
60ea25d2-fa44-4c0b-a0f9-292d477a6dc4,108,45Ql2MJ8ay_p15HKAAD7,2026-06-15T23:13:23.639828+00:00,0
24deba1c-dff7-4079-93fa-c11ad0e3ccf4,635,45Ql2MJ8ay_p15HKAAD7,2026-06-15T23:16:20.382983+00:00,0
6a24f274-a9b2-4424-8ac5-db29529223f9,695,45Ql2MJ8ay_p15HKAAD7,2026-06-15T23:16:28.004010+00:00,1
775ad64b-64b2-4630-b23d-df44fe07b2d6,397,45Ql2MJ8ay_p15HKAAD7,2026-06-15T23:16:45.429311+00:00,1
718521f5-33c9-4625-8d77-eff266d5cadd,558,45Ql2MJ8ay_p15HKAAD7,2026-06-15T23:16:59.185127+00:00,1
249f1c41-f091-42a5-a5e7-996a1d6b1541,525,45Ql2MJ8ay_p15HKAAD7,2026-06-15T23:17:08.411841+00:00,1
5456f7a2-d934-4f72-8448-1b7edbe88423,536,IIyxvsH173GLOvCgAAEB,2026-06-15T23:46:31.203782+00:00,1
b6ee19f8-c1fe-44ce-8359-853337b010e3,843,CnICaJRDHASCn-uvAAET,2026-06-16T06:09:09.039125+00:00,1
4cc9951d-958b-43e6-869a-890aa7764b48,3,CnICaJRDHASCn-uvAAET,2026-06-16T06:09:16.901573+00:00,1
254d3d5f-54e6-4f26-af9d-0f4c707eb916,336,CnICaJRDHASCn-uvAAET,2026-06-16T06:09:23.729605+00:00,1
95638396-8722-479b-9cb1-4279bebf8632,646,CnICaJRDHASCn-uvAAET,2026-06-16T06:09:26.346514+00:00,1
1b44acbd-2b75-4942-b072-fb76d2b7a08d,695,CnICaJRDHASCn-uvAAET,2026-06-16T06:09:39.408437+00:00,0
173e1450-038f-4894-afd9-2159f9ae82a9,844,CnICaJRDHASCn-uvAAET,2026-06-16T06:09:53.417876+00:00,1
2b224310-e9aa-4de8-88f9-c7f84b69f77c,46,CnICaJRDHASCn-uvAAET,2026-06-16T06:10:15.070405+00:00,1
2b896e0a-adcb-4ad4-ae8c-264ce434946d,799,CnICaJRDHASCn-uvAAET,2026-06-16T06:10:29.738583+00:00,0
bb5cd11c-4b14-4698-beee-af484a1313f3,487,NsuLwb6wNgRaElyGAAEh,2026-06-16T14:17:01.035379+00:00,0
4da302a0-aea3-48c4-9bd5-722f90dec333,964,NsuLwb6wNgRaElyGAAEh,2026-06-16T14:17:31.468696+00:00,0
eaab84c0-6c7b-4cba-91fd-6b9b4b26a8aa,646,NsuLwb6wNgRaElyGAAEh,2026-06-16T14:17:51.983161+00:00,1
c7c1b058-a845-410e-a01c-8c0cbac4b3ea,6,NsuLwb6wNgRaElyGAAEh,2026-06-16T14:17:58.644845+00:00,1
1b54e73f-d122-401f-803b-e9b50e0911bd,57,NsuLwb6wNgRaElyGAAEh,2026-06-16T14:18:04.540857+00:00,1
1e38711e-1298-4a6f-8deb-f8a400205237,695,NsuLwb6wNgRaElyGAAEh,2026-06-16T14:18:09.220966+00:00,1
e05994ff-6df1-499b-a88e-be78653f640e,635,NsuLwb6wNgRaElyGAAEh,2026-06-16T14:18:17.351676+00:00,1
74520c77-19ac-451c-a2d3-d9fb7cade0e5,904,NsuLwb6wNgRaElyGAAEh,2026-06-16T14:18:24.773447+00:00,0
041e4f18-3cf7-4831-89ce-e2f5ec9a631f,759,NsuLwb6wNgRaElyGAAEh,2026-06-16T14:18:29.884727+00:00,0
5cd3b8c8-df4d-429e-8139-78c5709d6c76,102,NsuLwb6wNgRaElyGAAEh,2026-06-16T14:18:33.617868+00:00,1
7d27b41a-0e74-4e3b-9a26-516f8e0e7d13,46,NsuLwb6wNgRaElyGAAEh,2026-06-16T14:18:43.021348+00:00,1
072e2f0f-d3a8-4a47-9a51-068dbde81578,843,NsuLwb6wNgRaElyGAAEh,2026-06-16T14:18:53.393585+00:00,1
d13cb80b-d16f-407c-94c0-bcffdc6f9424,844,NsuLwb6wNgRaElyGAAEh,2026-06-16T14:18:56.296615+00:00,1
e67e8ae1-127e-4289-844c-62aa23cec1aa,336,NsuLwb6wNgRaElyGAAEh,2026-06-16T14:18:59.947988+00:00,1
36fb4e10-8f3d-4c7b-aa9e-b311306edca3,799,NsuLwb6wNgRaElyGAAEh,2026-06-16T14:19:03.430281+00:00,1
591a7291-e527-4de7-8d58-65030e179eb8,737,NsuLwb6wNgRaElyGAAEh,2026-06-16T14:19:07.565721+00:00,0
abbbfa6d-53c1-48bb-b7a1-b4c1bb0ecfd7,525,NsuLwb6wNgRaElyGAAEh,2026-06-16T14:19:11.213733+00:00,1
616dd88e-00fc-409b-b91c-fb9d4ec9a891,520,NsuLwb6wNgRaElyGAAEh,2026-06-16T14:19:17.307304+00:00,0
ccb668bb-2fb7-48f8-b537-cb2530d846d2,558,NsuLwb6wNgRaElyGAAEh,2026-06-16T14:19:23.141308+00:00,0
7aa0ed28-25c7-42a9-99e7-20e0341f32ca,100000,NsuLwb6wNgRaElyGAAEh,2026-06-16T14:19:25.993287+00:00,0
eb779586-a1df-4842-9da9-976ed8a3c481,108,NsuLwb6wNgRaElyGAAEh,2026-06-16T14:19:30.508888+00:00,1
4d651143-4d86-4a30-a0d0-e580e6e7a27f,536,NsuLwb6wNgRaElyGAAEh,2026-06-16T14:19:33.837252+00:00,1
7feebcd0-b790-4804-976c-ed1a6076928d,397,NsuLwb6wNgRaElyGAAEh,2026-06-16T14:19:37.896698+00:00,0
42560a6a-4de4-470e-bb39-6dcb5ec8bd6d,3,NsuLwb6wNgRaElyGAAEh,2026-06-16T14:19:41.008592+00:00,0
20cf4c90-a020-47cf-8661-ddf9c2b46b75,57,7H6nEorwFTbDJetSAAE1,2026-06-16T20:39:12.546948+00:00,0
dbc6aa6a-db90-4c9f-a283-f48f55db3dad,6,7H6nEorwFTbDJetSAAE1,2026-06-16T20:39:24.853795+00:00,0
de11d2fb-42cc-41f2-b625-20e6ac48b183,397,7H6nEorwFTbDJetSAAE1,2026-06-16T20:39:32.648868+00:00,1
1b734ef1-d01c-4088-8409-8b5b67d810d5,102,7H6nEorwFTbDJetSAAE1,2026-06-16T20:39:41.025741+00:00,0
29f14e83-530b-4b9a-a276-040337459362,759,7H6nEorwFTbDJetSAAE1,2026-06-16T20:39:50.648463+00:00,1
d8192af1-0442-4d80-aac5-11d5946bd397,844,7H6nEorwFTbDJetSAAE1,2026-06-16T20:40:00.727852+00:00,1
97a6f7b4-0327-4a54-8420-7190c081bbbf,904,7H6nEorwFTbDJetSAAE1,2026-06-16T20:40:11.004117+00:00,0
71c7e120-09ba-4574-a5a7-2a6a34db6f00,536,7H6nEorwFTbDJetSAAE1,2026-06-16T20:40:24.452410+00:00,1
2e20fc86-4745-4db5-a09f-283eca43815b,799,7H6nEorwFTbDJetSAAE1,2026-06-16T20:40:32.998950+00:00,1
6995deba-ae98-45cb-b665-dc07f39ecd5d,646,7H6nEorwFTbDJetSAAE1,2026-06-16T20:40:35.247983+00:00,1
8dbb9a0e-427f-4883-95f4-572b2b1b4ea6,46,7H6nEorwFTbDJetSAAE1,2026-06-16T20:40:39.945297+00:00,1
304755ea-5c69-46a1-9242-b22447d155f9,520,7H6nEorwFTbDJetSAAE1,2026-06-16T20:40:45.664136+00:00,1
41b58b6d-aa6e-4f15-b1b4-ca20292d3b94,843,7H6nEorwFTbDJetSAAE1,2026-06-16T20:40:51.196518+00:00,1
9d9d80bf-ac09-4951-8dc1-82e2ebeb038f,635,7H6nEorwFTbDJetSAAE1,2026-06-16T20:40:53.277706+00:00,1
d621cfa2-ff69-4caa-9d28-0d45f75e934d,558,7H6nEorwFTbDJetSAAE1,2026-06-16T20:40:55.051364+00:00,1
0ebbc02f-b7ab-4c98-baa9-6a3ebcfa29a4,737,7H6nEorwFTbDJetSAAE1,2026-06-16T20:41:06.731189+00:00,1
2af3f07a-ad70-4c23-94d8-e9e371578607,964,7H6nEorwFTbDJetSAAE1,2026-06-16T20:41:13.434970+00:00,1
cd20dd23-2919-467b-9025-bcc6bf17844c,695,7H6nEorwFTbDJetSAAE1,2026-06-16T20:41:15.465989+00:00,1
ce00102a-8d28-4c02-8193-ec245b14cb48,100000,7H6nEorwFTbDJetSAAE1,2026-06-16T20:41:17.396190+00:00,1
f4df3616-1ffc-42cc-812b-a0db5de678e3,487,7H6nEorwFTbDJetSAAE1,2026-06-16T20:41:19.352825+00:00,1
158a3698-24d7-4175-a3d6-40ef1169cc8b,108,7H6nEorwFTbDJetSAAE1,2026-06-16T20:41:20.837927+00:00,1
70afa9d6-cd6b-481f-aa56-85baa7c711c1,525,7H6nEorwFTbDJetSAAE1,2026-06-16T20:41:22.269881+00:00,1
5e075dcd-625b-4f41-ae4a-d78bbe5c8f66,3,7H6nEorwFTbDJetSAAE1,2026-06-16T20:41:24.174197+00:00,1
2cf566cb-c046-4646-9c82-f6b666cff617,336,7H6nEorwFTbDJetSAAE1,2026-06-16T20:41:53.032953+00:00,1
a491cb96-19ce-47af-b889-8e58f9981489,57,595f-4odagG-JAHPAAE3,2026-06-16T20:46:03.825198+00:00,1
3b147fe1-9501-4823-8c3f-70b3238b0ee7,336,595f-4odagG-JAHPAAE3,2026-06-16T20:46:18.528532+00:00,0
72e07b29-902d-49c8-ab9e-0bd3d3fc7b23,695,595f-4odagG-JAHPAAE3,2026-06-16T20:46:28.697436+00:00,1
2f2d6a7d-c0c8-4ac5-8d4c-660d71d9c74a,635,595f-4odagG-JAHPAAE3,2026-06-16T20:46:44.594387+00:00,0
15b0b855-90bd-4862-9103-41839fba6ab4,6,595f-4odagG-JAHPAAE3,2026-06-16T20:46:54.808442+00:00,0
95c14aad-26a0-41b5-b56b-ec88bd9a0d34,102,595f-4odagG-JAHPAAE3,2026-06-16T20:47:06.781062+00:00,1
45cdd560-d236-4781-aaf0-16173648cb96,525,595f-4odagG-JAHPAAE3,2026-06-16T20:47:14.407023+00:00,0
b6d9b8e4-1f82-4ee3-b198-6dd07e090de1,964,595f-4odagG-JAHPAAE3,2026-06-16T20:47:18.909353+00:00,0
6be0ae72-591e-4863-a55f-fb415e4c3f6e,100000,595f-4odagG-JAHPAAE3,2026-06-16T20:47:24.877118+00:00,0
b85a936a-b6b0-4245-a31c-35715d92bbd0,558,595f-4odagG-JAHPAAE3,2026-06-16T20:47:31.354884+00:00,0
8063c8b9-8453-40a6-bc75-7c642d821d9e,904,595f-4odagG-JAHPAAE3,2026-06-16T20:47:34.451680+00:00,0
991f326a-836f-4076-b5e5-30e89f2ba61e,759,595f-4odagG-JAHPAAE3,2026-06-16T20:47:37.485251+00:00,0
9db1c410-d4d7-4c5c-8146-063d7c39a3cb,3,595f-4odagG-JAHPAAE3,2026-06-16T20:47:40.724280+00:00,0
4ccd4cc5-7575-471b-9167-3440006f92a8,844,595f-4odagG-JAHPAAE3,2026-06-16T20:47:46.025680+00:00,1
22b414f0-205d-4cf1-b978-5fbf544b8700,737,595f-4odagG-JAHPAAE3,2026-06-16T20:47:54.757958+00:00,0
17323dd0-66d4-423e-a264-9da78513bfc6,799,595f-4odagG-JAHPAAE3,2026-06-16T20:47:58.667756+00:00,1
957fbe2e-b733-4869-b3d9-0bedfbaa31ac,536,595f-4odagG-JAHPAAE3,2026-06-16T20:48:04.051441+00:00,1
6b5b082a-a17f-4725-8847-de8545c6e318,487,595f-4odagG-JAHPAAE3,2026-06-16T20:48:20.939207+00:00,1
d9649fe9-476e-40d9-b547-f2c92fb61be0,843,595f-4odagG-JAHPAAE3,2026-06-16T20:48:25.309351+00:00,0
350d7424-4174-468d-afd2-616840801cf9,646,595f-4odagG-JAHPAAE3,2026-06-16T20:48:39.444779+00:00,1
40530298-b500-401e-8954-5a4927cc68e5,108,595f-4odagG-JAHPAAE3,2026-06-16T20:48:44.252335+00:00,1
43c48f93-0ab9-4da7-90a9-f8794ea6472d,520,595f-4odagG-JAHPAAE3,2026-06-16T20:48:48.637870+00:00,0
4f615818-8b84-450f-b5e0-11de5c27dc27,46,595f-4odagG-JAHPAAE3,2026-06-16T20:48:56.758292+00:00,1
b3dc5bca-d927-4927-b0ad-d049467305bd,397,595f-4odagG-JAHPAAE3,2026-06-16T20:49:03.229422+00:00,0
da193c9d-3eaf-413f-8d06-62eee034bfb3,964,ePwMsmcZrA3YTU5KAAE5,2026-06-16T21:05:03.191761+00:00,1
6744b6bc-bc39-4308-8c5e-375872daab3f,695,ePwMsmcZrA3YTU5KAAE5,2026-06-16T21:05:19.960899+00:00,1
6265b884-f83f-456d-a861-97185d1c022e,964,u-uMUbVgujLY5MpaAAE9,2026-06-17T13:47:37.660551+00:00,1
b4d7095f-cc27-4c32-9138-95ba19962c60,844,_acjAxcS77Ub7NQ2AAAD,2026-06-17T22:02:54.363498+00:00,1
8dc3124c-b78e-401d-8ce5-2acefe72ea9a,46,_acjAxcS77Ub7NQ2AAAD,2026-06-17T22:03:08.290445+00:00,1
3f14ef57-14d9-4d84-9f8c-9a427a8e4be1,520,_acjAxcS77Ub7NQ2AAAD,2026-06-17T22:03:16.902189+00:00,0
f73c63a2-b14e-465e-9ad9-1e05abd2ae2e,759,_acjAxcS77Ub7NQ2AAAD,2026-06-17T22:03:28.947474+00:00,1
9800ac8c-b0f4-4e20-be4a-7d7610d473ae,536,_acjAxcS77Ub7NQ2AAAD,2026-06-17T22:03:35.244060+00:00,1
0bcd4a3b-8c00-4d2e-a7b9-ad0a5fb3db73,108,_acjAxcS77Ub7NQ2AAAD,2026-06-17T22:04:04.811910+00:00,0
74ea3565-cc9a-47b0-b786-ac9c43813888,964,_acjAxcS77Ub7NQ2AAAD,2026-06-17T22:04:05.438383+00:00,0
b290d391-71af-4b81-a073-5bd1ad3471da,799,hEaScHGKPJF377fbAAAL,2026-06-22T21:03:46.766953+00:00,1
5b8fde52-54a4-4ef9-9792-90cceb78fd8c,46,hEaScHGKPJF377fbAAAL,2026-06-22T21:03:57.225510+00:00,0
6ef32eab-2736-4c6f-bc35-75c05a264e56,843,hEaScHGKPJF377fbAAAL,2026-06-22T21:04:02.975121+00:00,0
63769d8b-ea1c-4dd7-ad81-f9d293e1dc3e,759,hEaScHGKPJF377fbAAAL,2026-06-22T21:04:10.440889+00:00,1
34e5b3ea-b499-487f-81ee-0cf68feb9e39,646,hEaScHGKPJF377fbAAAL,2026-06-22T21:04:20.238430+00:00,1
81a5de51-1e6e-4287-ad0d-c1c9b09b7c43,108,hEaScHGKPJF377fbAAAL,2026-06-22T21:04:30.309276+00:00,0
9a113bf6-b434-4287-ab7d-2e5271c60845,964,hEaScHGKPJF377fbAAAL,2026-06-22T21:04:37.454798+00:00,1
7f886752-3456-46ff-93ad-ed5e8c91bd37,3,hEaScHGKPJF377fbAAAL,2026-06-22T21:04:45.330734+00:00,0
eac48e78-29eb-44c2-a926-bdc1d48bfc4c,336,hEaScHGKPJF377fbAAAL,2026-06-22T21:04:48.684980+00:00,1
af33e83a-1f34-4e4c-ad34-49bb2e8f2c1e,397,hEaScHGKPJF377fbAAAL,2026-06-22T21:04:54.481160+00:00,1
8b309a9f-d9e7-419b-9e80-70b01905175d,558,hEaScHGKPJF377fbAAAL,2026-06-22T21:05:02.576149+00:00,1
89a0d2c2-24b9-47e1-a247-5bc7e3512733,536,hEaScHGKPJF377fbAAAL,2026-06-22T21:05:07.758072+00:00,1
8bb0917f-843d-455e-841b-59daab61d05a,737,hEaScHGKPJF377fbAAAL,2026-06-22T21:05:11.825861+00:00,1
f0882cac-25f2-4b1b-8e1b-d7f955e6ef86,904,hEaScHGKPJF377fbAAAL,2026-06-22T21:05:18.484258+00:00,0
7b7fbbbb-1b12-4ffe-a936-1717c03fa3c3,102,hEaScHGKPJF377fbAAAL,2026-06-22T21:05:24.654613+00:00,1
f4de65a7-575d-4949-887f-d34d5e88d071,695,hEaScHGKPJF377fbAAAL,2026-06-22T21:05:31.292139+00:00,0
5c40ac1f-0032-4552-9a11-ea5d5f1dca50,487,hEaScHGKPJF377fbAAAL,2026-06-22T21:05:36.131683+00:00,0
5ca60a58-2bd2-4bd0-841f-90c92a971b0d,57,hEaScHGKPJF377fbAAAL,2026-06-22T21:05:39.893898+00:00,1
145a5f14-c54c-4640-9089-e2bc647ff65e,6,hEaScHGKPJF377fbAAAL,2026-06-22T21:05:44.545107+00:00,1
f20a1208-e0b7-473a-9c14-6c98387a991d,520,hEaScHGKPJF377fbAAAL,2026-06-22T21:05:49.444823+00:00,0
27ec8b3b-93a3-4f16-b0cd-b70e23fe9ed3,100000,hEaScHGKPJF377fbAAAL,2026-06-22T21:05:54.314744+00:00,1
dd299c63-9bdd-46c8-baae-f6b6aa66db85,635,hEaScHGKPJF377fbAAAL,2026-06-22T21:05:59.167891+00:00,1
e2798247-8311-4140-9fdf-4f39857f6c6a,844,hEaScHGKPJF377fbAAAL,2026-06-22T21:06:08.053453+00:00,0
3d4bf5c7-e711-4c17-bda3-86f962ecfaf0,525,hEaScHGKPJF377fbAAAL,2026-06-22T21:06:11.082992+00:00,1
5c9086d0-175e-4afc-b7b6-438e83cc35ba,100000,EnsWLPUvD3W6Fzb-AAAP,2026-06-23T20:07:57.002091+00:00,1
48fed7ed-22f6-410c-81d7-41d3dda40b96,964,EnsWLPUvD3W6Fzb-AAAP,2026-06-23T20:08:05.678671+00:00,0
ecd22ebb-21a7-416e-a1ce-14516bf21af0,695,EnsWLPUvD3W6Fzb-AAAP,2026-06-23T20:08:11.625325+00:00,0
c86ee4bb-2531-42d5-97ea-c8072259863a,6,EnsWLPUvD3W6Fzb-AAAP,2026-06-23T20:08:16.544305+00:00,1
a24924d0-532d-4cfe-b69f-e0f1c1faf888,525,EnsWLPUvD3W6Fzb-AAAP,2026-06-23T20:08:23.029720+00:00,0
dfb9bd8f-3392-46fc-8a88-5e91cdf49863,57,EnsWLPUvD3W6Fzb-AAAP,2026-06-23T20:08:29.186449+00:00,0
c7206643-5899-4ddf-9583-2948c8a28b22,759,EnsWLPUvD3W6Fzb-AAAP,2026-06-23T20:08:32.915744+00:00,1
e936f5f9-e340-457a-9fb3-9b59bcd9b9f0,46,EnsWLPUvD3W6Fzb-AAAP,2026-06-23T20:08:43.447934+00:00,0
22229135-a889-458b-a0f0-8f3271866ff7,397,EnsWLPUvD3W6Fzb-AAAP,2026-06-23T20:08:48.958842+00:00,1
1013c827-baf0-4804-aec0-d1a10256790d,3,EnsWLPUvD3W6Fzb-AAAP,2026-06-23T20:08:54.484265+00:00,1
5ac0835c-1d07-4f6a-b95a-c9a13ab5f280,904,EnsWLPUvD3W6Fzb-AAAP,2026-06-23T20:08:58.503079+00:00,1
b25e23ba-f76f-4e04-b9f0-9a38d5cd1e82,843,EnsWLPUvD3W6Fzb-AAAP,2026-06-23T20:09:01.522181+00:00,1
fc6e66fb-f25d-4274-8551-ade87152b850,520,EnsWLPUvD3W6Fzb-AAAP,2026-06-23T20:09:06.222191+00:00,1
16cf8bb8-05ff-4e12-b009-804cc18b751c,646,EnsWLPUvD3W6Fzb-AAAP,2026-06-23T20:09:11.248215+00:00,0
9d53bbf6-7b41-46db-85bc-8462952e8f9e,799,-zKnhgKcGD-icVARAAAR,2026-06-23T20:10:43.970285+00:00,0
23e27698-74e2-4e9e-b26f-5a9366d8d5a3,487,-zKnhgKcGD-icVARAAAR,2026-06-23T20:10:46.573384+00:00,0
14a5fdd9-c63d-4ce0-95bc-dec79109e4a4,108,-zKnhgKcGD-icVARAAAR,2026-06-23T20:10:52.568797+00:00,1
07ae5105-f3f1-4aad-81f5-d8555d90be0e,635,-zKnhgKcGD-icVARAAAR,2026-06-23T20:10:55.821150+00:00,1
1eb597e7-2e8d-4e49-b106-4bdec588a3d2,536,-zKnhgKcGD-icVARAAAR,2026-06-23T20:10:58.894782+00:00,1
e1e24670-eefe-4df1-86db-c54da7a32bb4,102,-zKnhgKcGD-icVARAAAR,2026-06-23T20:11:01.510451+00:00,1
1b2d5378-c537-46d2-a7c7-66e8ad0b9fa0,844,-zKnhgKcGD-icVARAAAR,2026-06-23T20:11:04.776632+00:00,1
aacdbccb-7980-4220-80e8-e59170758e50,558,-zKnhgKcGD-icVARAAAR,2026-06-23T20:11:07.182904+00:00,1
a19c7e62-34fe-4737-a54d-288bd2342b9a,336,-zKnhgKcGD-icVARAAAR,2026-06-23T20:11:12.084208+00:00,1
0e4108f5-c3f5-43d2-b647-03f67a61e27f,737,-zKnhgKcGD-icVARAAAR,2026-06-23T20:11:14.033443+00:00,1
be87f1ab-43d2-4fea-b568-a2fa06b5072a,646,jGAM9jNwIQt9-s_PAAAT,2026-06-24T18:04:57.109992+00:00,1
856d1360-ab83-4000-aaa9-df38a7393371,964,jGAM9jNwIQt9-s_PAAAT,2026-06-24T18:05:20.790356+00:00,0
de52f71d-9679-40ca-ab76-21baba15a6e3,843,jGAM9jNwIQt9-s_PAAAT,2026-06-24T18:05:44.571943+00:00,1
e8b23a63-b0f7-45bb-aa79-c7eed8801349,536,jGAM9jNwIQt9-s_PAAAT,2026-06-24T18:05:56.217929+00:00,1
b706b892-f080-4fd3-98aa-2f037f9d0f47,525,jGAM9jNwIQt9-s_PAAAT,2026-06-24T18:06:13.523672+00:00,1
72eb61af-e530-4ab5-85da-ab620a373222,635,jGAM9jNwIQt9-s_PAAAT,2026-06-24T18:06:29.522202+00:00,1
f84a4fe9-d705-4834-93a2-51675d1ed104,108,jGAM9jNwIQt9-s_PAAAT,2026-06-24T18:07:26.814528+00:00,1
599f52e9-b426-4154-a699-5a6c44ef9ebc,397,jGAM9jNwIQt9-s_PAAAT,2026-06-24T18:07:41.625124+00:00,0
20f57a84-2015-4a48-a2bb-fd52245a12dc,759,jGAM9jNwIQt9-s_PAAAT,2026-06-24T18:08:08.469795+00:00,0
1e2b46c2-7f21-4722-b0b8-1561c00b2285,904,jGAM9jNwIQt9-s_PAAAT,2026-06-24T18:08:18.829881+00:00,0
102a8742-be98-439d-8b39-3eccafc02770,844,jGAM9jNwIQt9-s_PAAAT,2026-06-24T18:08:37.824193+00:00,1
3ddffd88-02ea-4472-9753-cf04438b9246,336,jGAM9jNwIQt9-s_PAAAT,2026-06-24T18:08:51.026004+00:00,1
6c934d32-5564-42e4-869e-dad57deca8ce,3,jGAM9jNwIQt9-s_PAAAT,2026-06-24T18:09:10.564347+00:00,0
395f6674-83c0-4fc5-8841-3b4b21ec7693,100000,jGAM9jNwIQt9-s_PAAAT,2026-06-24T18:09:27.372490+00:00,0
69c088c5-832a-4b35-8b2a-9956df4e3ca8,487,jGAM9jNwIQt9-s_PAAAT,2026-06-24T18:09:39.693002+00:00,1
787ea895-c0aa-41c1-8223-063c625ec5e2,799,jGAM9jNwIQt9-s_PAAAT,2026-06-24T18:10:14.591802+00:00,1
02d73592-4507-48fb-b368-f5b46a4e700c,737,jGAM9jNwIQt9-s_PAAAT,2026-06-24T18:10:32.935234+00:00,1
2477e960-212a-496f-92bc-d55ad9c6aeed,57,jGAM9jNwIQt9-s_PAAAT,2026-06-24T18:10:46.055932+00:00,1
d519e081-d910-4ef6-983f-3213368124fd,520,jGAM9jNwIQt9-s_PAAAT,2026-06-24T18:10:53.661423+00:00,1
8d7a9222-d90d-499c-b2db-652e1319eeff,46,jGAM9jNwIQt9-s_PAAAT,2026-06-24T18:11:08.989917+00:00,1
b08e87d3-28cb-4c86-ac1c-238e48a1f3d5,558,jGAM9jNwIQt9-s_PAAAT,2026-06-24T18:11:26.937841+00:00,1
cb8e7b4a-cee9-4311-9017-f3f1a9e94b33,695,jGAM9jNwIQt9-s_PAAAT,2026-06-24T18:11:36.572452+00:00,1
edcab364-449e-407e-8de8-43f7ff259c58,102,jGAM9jNwIQt9-s_PAAAT,2026-06-24T18:11:45.447184+00:00,1
be21040a-ebc3-4824-a661-994beea555ff,6,jGAM9jNwIQt9-s_PAAAT,2026-06-24T18:11:58.478552+00:00,1
